Word,Count
0,3
enjoying,5
a,654
beautiful,4
day,16
at,51
the,831
park!,1
positive,48
15-01-2023,6
12:30,12
user123,1
twitter,243
#nature,4
#park,1
15,213
30,153
usa,188
2023,289
1,111
12,146
traffic,1
was,2
terrible,1
this,8
morning.,3
negative,4
08:45,8
commuterx,1
#traffic,1
#morning,1
5,99
10,166
canada,135
8,149
2,115
just,9
finished,2
an,51
amazing,1
workout!,1
üí™,3
15:45,13
fitnessfan,1
instagram,259
#fitness,2
#workout,1
20,179
40,80
3,70
excited,2
about,16
upcoming,10
weekend,5
getaway!,1
18:20,21
adventurex,1
facebook,231
#travel,2
#adventure,5
uk,143
18,212
4,58
trying,7
out,11
new,43
recipe,3
for,99
dinner,2
tonight.,2
neutral,18
19:55,2
chefcook,1
#cooking,3
#food,1
25,123
australia,75
19,100
feeling,26
grateful,6
little,1
things,1
in,299
life.,7
16-01-2023,3
09:10,1
gratitudenow,1
#gratitude,13
#positivevibes,2
50,77
india,70
16,93
9,115
6,84
rainy,1
days,2
call,1
cozy,4
blankets,1
and,111
hot,1
cocoa.,1
14:45,25
rainydays,1
#rainydays,2
#cozy,1
14,124
7,89
movie,5
release,3
is,32
must-watch!,1
19:30,30
moviebuff,2
#movienight,2
#mustwatch,1
political,1
discussions,2
heating,1
up,12
on,91
timeline.,1
17-01-2023,3
08:00,4
debatetalk,1
#politics,1
#debate,1
60,57
17,72
missing,4
summer,2
vibes,5
beach,1
days.,1
12:20,3
beachlover,1
#summer,1
#beachdays,1
35,120
published,1
blog,3
post.,1
check,1
it,3
out!,1
15:15,10
bloggerx,1
#blogging,1
#newpost,1
22,181
45,96
11,100
bit,2
under,7
weather,3
today.,1
18-01-2023,3
10:30,7
wellnesscheck,1
#sickday,1
#health,1
exploring,17
city's,1
hidden,6
gems.,1
14:50,4
urbanexplorer,1
#cityexplore,1
#hiddengems,1
13,44
"year,",1
fitness,5
goals!,1
18:00,10
fitjourney,1
#newyear,1
#fitnessgoals,3
28,126
55,52
technology,2
changing,1
way,2
we,1
live.,1
19-01-2023,3
09:45,9
techenthusiast,1
#tech,1
#innovation,1
reflecting,9
past,5
looking,1
ahead.,3
13:20,3
reflections,1
#reflection,6
#future,1
adopted,1
cute,2
furry,1
friend!,1
üêæ,2
17:10,4
petadopter,1
#petadoption,1
#furryfriend,1
late-night,1
gaming,4
session,1
with,110
friends.,7
20-01-2023,3
00:05,1
gamerx,1
#gaming,2
#latenight,1
attending,9
virtual,4
conference,1
ai.,1
11:30,22
techconference,1
#ai,1
#techconference,1
winter,9
blues,1
got,4
me,12
low.,1
winterblues,1
#winterblues,1
#mood,1
sipping,2
coffee,2
good,6
book.,4
21-01-2023,3
08:40,1
bookworm,3
#reading,2
#coffeetime,1
21,63
world,12
of,624
reality.,2
vrexplorer,1
#vr,1
#virtualreality,2
productive,2
ticking,1
off,2
my,41
to-do,1
list.,1
16:45,14
productivitypro,1
#productivity,1
#workfromhome,1
23,31
challenging,13
workout,2
routine.,2
22-01-2023,4
09:15,2
fitnesswarrior,1
#challengeaccepted,1
24,27
celebrating,6
milestone,3
work!,1
üéâ,1
14:30,15
careermilestone,1
#career,1
#milestone,3
sunday,2
brunch,1
12:00,6
brunchbuddy,1
#brunch,1
#friends,1
27,16
learning,9
language,1
personal,15
growth.,3
23-01-2023,2
16:20,11
languagelearner,1
#languagelearning,2
#personalgrowth,3
29,13
quiet,10
evening,6
19:45,25
booklover,1
#quiettime,1
importance,1
mental,1
health.,1
24-01-2023,3
mentalhealthmatters,1
#mentalhealth,1
#selfcare,1
31,8
painting,9
progress!,1
üé®,1
15:00,9
artistinaction,1
#art,2
#paintinginprogress,1
32,10
road,4
trip,3
to,133
explore,5
scenic,2
views.,1
17:30,23
roadtripper,1
#roadtrip,2
#scenicviews,1
33,3
cup,8
tea,1
watching,3
sunset.,3
25-01-2023,2
sunsetwatcher,2
#teatime,1
#sunset,1
34,6
coding,3
project,8
enthusiasm.,3
13:15,7
codeenthusiast,1
#coding,1
#enthusiasm,8
inspired,7
after,24
workshop.,1
26-01-2023,3
workshopattendee,1
#inspiration,7
#workshop,1
26,20
36,18
sports,3
local,9
park.,1
14:20,24
wintersports,1
#wintersports,1
#fun,1
37,5
quality,1
time,4
family,9
weekend.,4
17:40,1
familytime,1
#familytime,2
#weekend,1
38,9
live,4
music,8
concert,4
27-01-2023,3
20:00,11
musiclover,2
#music,1
#concertnight,1
39,8
practicing,3
mindfulness,3
meditation.,1
mindfulmoments,1
#mindfulness,3
#meditation,2
dessert,1
recipe.,1
16:10,2
dessertexplorer,1
#dessert,1
41,4
tournament.,1
28-01-2023,5
09:00,4
gamingenthusiast,2
#tournament,1
42,11
planning,4
garden,14
makeover,1
spring.,1
gardenplanner,1
#gardening,1
#spring,1
43,8
friend's,2
birthday,6
tonight!,1
üéÇ,1
birthdaybash,1
#birthday,1
#celebration,3
44,12
accomplished,1
day.,6
29-01-2023,2
17:00,9
productivitywin,1
#accomplished,1
#success,3
movie.,3
20:20,6
movienight,1
#cozynight,1
#movietime,1
46,8
art,17
galleries,1
30-01-2023,3
artexplorer,2
#galleryexplore,1
47,3
book,7
from,21
favorite,4
author!,1
bookwormx,1
#bookrelease,1
#favoriteauthor,1
48,11
reality,1
meetup.,1
18:30,17
vrmeetup,1
#vrmeetup,1
49,3
beauty,21
nature.,3
31-01-2023,3
10:45,4
naturelover,1
cooking,3
special,2
loved,7
ones.,3
19:00,13
chefathome,1
#specialdinner,1
51,3
optimistic,1
week,1
optimisticmindset,1
#optimism,3
#newweek,1
52,4
starting,1
challenge,2
tomorrow!,1
01-02-2023,2
fitnesschallenge,1
#fitnesschallenge,1
#newbeginnings,2
53,2
bike,1
ride,3
through,51
trails.,1
13:30,5
bikeexplorer,1
#bikeride,1
#scenictrails,1
can't,1
believe,1
injustice,2
happening,1
our,5
society.,2
anger,3
11-02-2023,2
09:30,9
socialjustice,1
#injustice,4
#angry,1
54,1
56,2
sense,15
fear,5
thriller,1
21:15,14
thrillerfan,1
#fear,3
#thrillermovie,1
57,2
heartbroken,1
hearing,1
news,1
natural,1
disaster.,1
sadness,4
12-02-2023,3
empathyfirst,1
#sadness,2
#naturaldisaster,1
58,2
state,5
world's,1
environment,1
disgusting.,2
disgust,7
ecoawareness,1
#disgust,4
#environment,1
59,2
pure,2
happiness:,2
one's,1
achievement!,1
happiness,7
13-02-2023,2
10:00,12
proudfriend,1
#happiness,5
laughter,19
best,4
medicine‚Äîenjoying,1
comedy,4
show.,3
joy,57
comedyfan,1
#joy,8
#comedyshow,1
61,2
sharing,4
love,13
everyone!,1
‚ù§Ô∏è,2
14-02-2023,3
08:30,6
lovespreader,1
#love,4
#spreadlove,2
62,2
amusing,1
incident,1
brightened,1
day!,3
amusement,3
amusedsoul,1
#amusement,3
#funtimes,1
63,2
some,2
tea.,3
enjoyment,2
bookloveragain,1
#enjoyment,2
#booktime,3
64,2
admiring,2
nature,8
during,18
peaceful,4
hike.,1
admiration,6
15-02-2023,4
natureadmirer,3
#admiration,4
65,2
sending,3
affectionate,2
all,4
followers!,1
affection,2
16:00,21
affectionsender,1
#affection,2
66,2
experiencing,9
awe,13
breathtaking,5
20:30,11
awestruck,1
#awe,9
#breathtaking,1
67,2
disappointed,4
service,2
restaurant.,1
16-02-2023,3
foodiegonewrong,1
#disappointed,2
#badservice,1
68,2
surprise,19
gift,1
friend,4
made,2
happysurprise,1
#surprise,4
#gift,1
69,2
finding,12
acceptance,15
midst,7
life's,15
challenges.,3
acceptanceseeker,1
#acceptance,8
#challenges,2
70,43
overflowing,6
adoration,4
adorable,1
pet!,1
17-02-2023,3
petadorer,1
#adoration,2
#petlove,2
71,2
anticipating,4
thrilling,4
adventure,8
coming,1
weeks.,1
anticipation,4
07:30,3
adventureawaits,2
#anticipation,3
72,2
bitter,9
experience,2
turned,1
into,24
valuable,1
lesson.,1
learnfrombitter,1
#bitterlesson,1
#growth,1
73,2
calmness,8
busy,1
18-02-2023,3
zenmaster,1
#calmness,4
#peacefulmind,1
74,2
confusion,14
clouds,6
mind,5
as,41
i,9
navigate,3
decisions.,2
confusedmind,1
#confusion,8
#decisionmaking,1
75,2
excitement,49
building,5
vacation!,1
18:45,11
vacationdreamer,2
#excitement,13
#travelplans,1
76,2
kindness,9
witnessed,4
today,2
restored,1
faith,2
humanity.,2
kind,3
19-02-2023,3
kindnessprevails,1
#kindness,4
#humanity,1
77,2
pride,12
achieving,5
milestone.,3
personalachiever,1
#pride,6
78,2
moment,12
shame,6
not,7
standing,5
against,9
injustice.,2
reflectiveself,1
#shame,3
79,2
fuming,1
heated,2
argument.,1
20-02-2023,2
angrydebater,1
#anger,1
#argument,1
80,18
unknown,2
keeping,1
night.,7
fearfuldreamer,1
#unknown,1
81,2
heartfelt,5
bidding,2
farewell,2
dear,2
friend.,4
21-02-2023,2
farewellheart,1
#farewell,2
82,2
corruption,2
society,1
utterly,1
anticorruption,1
#corruption,2
83,2
welcoming,1
member!,1
22-02-2023,3
newparentjoy,1
#newfamilymember,1
84,2
key,2
joy‚Äîattending,1
stand-up,2
standupfan,1
#standupcomedy,2
85,2
followers,1
23-02-2023,3
lovesender,1
86,2
amused,2
by,69
antics,2
pet‚Äîit's,1
amusement!,1
petamuser,1
#petantics,1
87,2
every,19
trip‚Äîpure,1
enjoyment!,1
travelexplorer,1
88,2
dedication,2
volunteers,1
charity.,2
24-02-2023,3
charityadmirer,1
#volunteers,1
89,2
friends,6
family.,2
familylover,1
#familylove,1
90,2
awe-struck,3
night,10
sky.,7
stargazer,3
#starrynight,2
91,2
lack,1
progress,1
project.,7
25-02-2023,3
projectstruggle,1
#project,1
92,2
visit,1
old,13
brought,2
tears,10
joy.,6
joyfulreunion,2
#oldfriends,3
93,2
embracing,13
ups,1
downs.,1
lifeacceptance,1
#lifejourney,2
94,2
rescue,1
puppy!,1
üê∂,1
26-02-2023,3
puppyadmirer,1
#puppylove,1
95,2
much-awaited,2
moviebuff2,1
#movierelease,1
96,2
customer,1
department.,1
customerwoes,1
#bitterexperience,1
#customerservice,1
97,2
amidst,5
chaos,2
daily,2
27-02-2023,3
calmsoul,1
#innerpeace,2
98,2
reigns,1
try,1
make,2
recent,1
events.,2
confusedmind2,1
#makingsense,1
99,2
party.,2
birthdayexcite,1
#surpriseparty,2
100,2
act,2
that,37
28-02-2023,5
kindnessobserver,1
#actsofkindness,1
101,2
completing,7
challenge.,2
fitachiever,1
#fitnesschallengecompleted,1
102,2
speaking,2
reflectiveself2,1
103,2
diversity,2
world.,6
01-03-2023,3
diversitylover,1
#diversity,1
104,2
bookwormjoy,1
105,2
unfairness,1
workplace.,1
17:45,6
workplacewoes,1
#bitter,1
#unfairness,1
106,2
prevails,1
practice,1
mindfulness.,1
02-03-2023,3
mindfulme,1
107,2
surrounds,1
choices.,1
confusedmind3,1
#lifechoices,1
108,2
places.,1
roadtripper2,1
#weekendadventure,1
109,2
restores,1
03-03-2023,3
kindnessprevails2,1
#humanityrestored,1
110,2
accomplishing,1
professional,1
goals.,1
goalachiever,1
#accomplishments,1
111,2
being,1
TRUE,2
values,1
difficult,1
situation.,1
reflectiveself3,1
#integrity,1
112,2
revisiting,3
"memories,",2
elation.,1
elation,13
15-05-2010,1
15:30,13
nostalgiafan,1
#elation,7
#memories,2
2010,3
113,2
victory,5
team,5
euphoria,13
city.,4
10-08-2021,2
sportsfanatic,1
#euphoria,7
#victory,1
2021,63
114,2
"nature,",3
contentment.,1
contentment,24
20-06-2011,1
naturelover2,1
#contentment,10
2011,4
115,2
meditating,1
serene,8
"lake,",1
inner,6
peace.,2
serenity,28
12-02-2022,1
zenmaster2,1
#serenity,15
2022,63
116,2
gratitude,28
blessings.,1
25-11-2012,1
thankfulheart,1
#blessed,2
2012,4
117,2
hopeful,21
brighter,6
"tomorrow,",3
despite,2
hope,12
05-04-2013,1
optimisticsoul,1
#hope,5
2013,4
118,2
empowered,2
difference,1
community.,3
empowerment,8
14-09-2014,1
communityleader,1
#empowerment,5
#community,1
2014,4
119,2
compassion,11
action:,1
supporting,2
charity,4
event.,1
18-07-2015,1
charitysupporter,1
#compassion,4
#charityevent,1
2015,19
120,2
"tenderness,",1
connecting,3
tenderness,7
23-02-2016,1
lovingheart,1
#tenderness,4
2016,38
121,2
arousal,8
await,1
announcement.,1
30-10-2017,1
excitementfan,1
#arousal,4
2017,43
122,2
enthusiastically,1
diving,2
enthusiasm,11
15-06-2018,2
projectenthusiast,1
#newproject,1
2018,56
123,2
fulfillment,8
reaching,3
28-03-2019,2
milestoneachiever,1
#fulfillment,4
2019,73
124,2
reverence,8
historic,3
landmark.,2
11-11-2019,1
historylover,1
#reverence,4
#history,1
125,2
reunion,3
02-04-2020,4
joyfulreunion2,1
2020,69
126,2
stars.,1
19-06-2021,1
musicenthusiast,1
#livemusic,1
127,2
simplicity,2
sunday.,1
15-08-2010,1
simplejoys,1
#sundaymood,1
128,2
found,7
pages,7
22-09-2011,1
booklover3,1
129,2
support,3
received,4
tough,1
times.,2
10-03-2012,1
supportivefriend,1
#supportive,1
130,2
possibilities,1
journey.,1
05-12-2013,1
journeyoptimist,1
131,2
20-07-2014,1
growthseeker,2
132,2
towards,7
those,1
need,1
holidays.,1
22-12-2015,1
holidayhelper,1
#holidaysupport,1
133,2
warmth,9
evening.,4
10-02-2016,2
winterwarmth,3
#cozyevening,1
134,2
adventure.,2
30-04-2017,1
#adventuretime,1
135,2
creative,3
making.,2
15-09-2018,1
creativespirit,1
#creativity,4
136,2
28-06-2019,2
fitnessachiever,2
137,2
artistry,1
displayed,1
museum.,1
11-11-2020,1
artappreciator,1
#artappreciation,1
138,2
goal.,1
02-03-2021,2
goalachiever2,1
#personalachievement,1
139,2
over,12
discovering,5
gem,3
18-02-2012,1
urbanexplorer2,1
#hiddengem,2
140,2
celebration.,2
05-11-2018,1
21:45,7
birthdayjoy,1
#birthdaysurprise,1
141,2
home-cooked,2
meal.,2
12-09-2015,1
homechef,2
#homecooking,2
142,2
melody,5
piano.,1
30-07-2016,1
18:10,3
musiclover4,1
#peacefulmelody,1
143,2
supportive,2
community,7
around,3
me.,1
20-04-2013,1
communitylove,1
#communitysupport,1
144,2
prospects,1
business,1
venture.,1
08-12-2017,1
19:15,5
entrepreneurhope,1
#businessventure,1
145,2
mentoring,1
guiding,2
others.,3
03-06-2014,1
08:20,1
mentorempower,1
#mentorship,1
146,2
shown,1
acts,3
15-01-2019,1
kindnessinaction,1
#communitykindness,1
147,2
message,1
one.,2
25-12-2016,1
loveexpress,1
#lovenote,1
148,2
before,2
trip.,1
10-03-2018,1
travelexcitement,1
#traveladventure,1
149,2
artistic,2
works.,1
17-09-2020,1
16:30,14
artisticspirit,1
#artisticproject,1
150,2
helping,1
28-08-2011,1
helperheart,1
#helpingothers,1
151,2
historical,5
significance,1
01-11-2017,1
historybuff,1
#historicalsite,1
152,2
15-06-2019,1
fitnessachiever2,1
#fitnessmilestone,1
153,2
successful,1
product,1
launch.,1
03-04-2022,2
11:45,6
productlaunchjoy,1
#productlaunchsuccess,1
154,2
embrace,6
12-11-2010,1
lovingembrace,1
155,2
sunset,5
sea.,1
22-07-2011,1
sunsetwatcher2,1
#sunsetviews,1
156,2
small,1
joys,4
each,39
brings.,1
30-03-2012,1
11:20,1
joyfulheart2,1
#smalljoys,1
157,2
potential,1
05-10-2013,1
16:40,1
growthoptimist,1
#personaldevelopment,1
158,2
skill.,2
10-07-2014,1
skillempower,1
#skillbuilding,2
159,2
volunteering,2
18-12-2015,2
charityvolunteer,1
#volunteerwork,1
160,2
shared,6
pet.,1
petlove,1
161,2
festival.,2
25-09-2017,1
festivalfan,1
#festivalexcitement,1
162,2
diy,3
home,3
improvement,1
15-04-2018,1
diyenthusiast,2
#homeimprovement,1
163,2
puzzle.,1
28-11-2019,2
puzzlemaster,1
#puzzlechallenge,1
164,2
wonders,3
hiking,4
trail.,2
11-05-2020,1
#natureexploration,1
165,2
childhood,4
05-02-2021,1
childhoodjoy,1
#friendshipreunion,1
166,2
suffering,2
despair,16
another,3
setback.,2
10-03-2021,1
strugglingsoul,1
#despair,11
#struggle,1
167,2
overwhelmed,10
"grief,",5
one,2
dearly.,1
grief,11
05-07-2022,1
mourningheart,1
#grief,9
#loss,3
168,2
loneliness,14
creeps,1
grows,2
colder.,1
18-11-2019,3
21:20,2
solitarysoul,1
#loneliness,9
#isolation,3
169,2
jealousy,6
consumes,1
witness,2
others',5
success.,6
12-08-2020,1
enviousobserver,1
#jealousy,3
#envy,3
170,2
resentment,8
betrayals.,1
22-05-2018,2
bitterheart,1
#resentment,4
#bitterness,6
171,2
frustration,11
mounts,1
obstacles,1
block,1
path.,1
30-01-2017,1
blockedgoals,1
#frustration,4
#obstacles,1
172,2
boredom,7
sets,3
"in,",1
feels,2
endlessly,1
dull.,1
28-09-2016,1
boredmind,1
#boredom,3
#lackofinterest,1
173,2
anxiety,5
grips,2
"heart,",4
worry,1
thoughts.,3
15-04-2019,1
worriedmind,1
#anxiety,2
#worry,1
174,2
intimidation,4
future,2
03-12-2021,1
fearfulsoul,1
#intimidation,2
175,2
helplessness,4
sinks,1
challenges,11
pile,1
up.,1
20-06-2020,1
overwhelmedheart,1
#helplessness,2
#overwhelmed,5
176,2
envy,4
eats,1
away,3
see,1
prosperity.,1
07-11-2018,1
covetousmind,1
#desire,1
177,2
regret,8
missed,2
opportunities,1
haunts,1
25-08-2017,1
remorsefulsoul,1
#regret,6
#missedchances,2
178,2
sight,1
cruelty.,1
11-02-2019,1
disgustedheart,1
179,2
drowning,5
"despair,",6
slipping,3
fingers.,1
02-04-2016,1
hopelessheart,1
#hopeless,1
180,2
weighs,1
"heavy,",1
constant,6
companion.,4
18-10-2015,1
tearfulsoul,1
#tears,1
181,2
crowded,1
"room,",1
silent,10
cry,1
connection.,4
12-07-2019,1
isolatedmind,1
#seekingconnection,1
182,2
gnaws,1
"confidence,",2
toxic,1
emotion.,2
03-06-2018,1
selfdoubt,1
#insecurity,1
183,2
"festers,",2
poisoning,4
relationships.,1
15-01-2022,3
brokentrust,2
#brokentrust,1
184,2
boils,1
"over,",4
volcanic,1
eruption,1
emotions.,4
10-04-2017,2
explosivemind,1
#emotionaloutburst,2
185,2
settles,2
like,27
"dust,",1
life,9
mundane.,1
28-11-2016,2
mundaneheart,1
#monotony,1
186,2
"chest,",1
relentless,1
grip,1
05-09-2018,2
restlessmind,1
#restlessness,1
187,2
"ahead,",2
takes,1
hold.,1
22-10-2021,1
fearfuljourney,1
#facingfear,1
188,2
engulfs,2
"me,",2
sea,5
problems.,1
08-05-2019,1
overwhelmedsoul,1
#struggling,1
189,2
poisons,2
"thoughts,",6
coveting,1
20-03-2017,1
greeneyedmonster,1
190,2
decisions,3
led,1
painful,4
present.,1
15-12-2018,3
regretfulmind,1
#pastchoices,1
191,2
stains,1
01-07-2016,1
corruptedheart,1
192,2
sinking,4
darker,1
than,4
last.,1
20-08-2020,1
drowningsoul,1
#darkdays,1
193,2
"overwhelms,",1
storm,5
emotions,9
within.,2
25-02-2021,1
stormyheart,1
#emotionalstorm,2
194,2
echoes,15
empty,2
"spaces,",1
yearning,5
12-09-2019,1
echoingsoul,1
#yearningforconnection,1
195,2
brewing,1
05-08-2018,2
poisonedmind,1
196,2
wound,1
refuses,2
heal.,1
12-01-2017,1
unforgivingsoul,1
#unforgiving,1
197,2
"escalates,",1
thunderstorm,1
05-04-2022,1
thunderingmind,1
198,2
"lingers,",3
stagnant,1
pool,1
indifference.,4
02-10-2021,1
stagnantheart,1
#stagnation,1
199,2
embarking,9
journey,18
"discovery,",1
fueled,6
curiosity,22
thirst,1
knowledge.,4
15-04-2023,1
10:15,3
inquisitivemind,1
#curiosity,10
#learning,1
200,2
lost,17
vast,4
"information,",1
indifferent,3
wave,3
digital,2
ocean.,1
indifference,6
28-11-2022,1
apatheticobserver,1
#indifference,5
#digitaloverload,1
201,2
complex,1
puzzle,4
leaves,6
perpetual,2
"confusion,",2
seeking,3
answers,1
chaos.,2
seekingclarity,1
#lifepuzzle,1
202,2
numbness,9
shield,6
overwhelming,1
throws,2
way.,1
14:00,12
emotionallydistant,1
#numbness,6
#emotionalshield,2
203,2
gazing,2
"sunset,",2
melancholic,3
longing,1
moments,9
slip,1
fingers,3
time.,9
melancholy,10
18-06-2019,1
20:45,15
sunsetdreamer,1
#melancholy,6
#sunsetmoments,1
204,2
"photographs,",1
caught,6
nostalgia's,1
bittersweet,6
symphony.,2
nostalgia,19
05-02-2018,1
memorylanetraveler,1
#nostalgia,11
#memorylane,2
205,2
torn,4
between,6
conflicting,4
"emotions,",3
ambivalence,11
paints,4
shades,2
uncertainty.,2
30-05-2022,1
mixedfeelings,1
#ambivalence,6
#uncertainchoices,1
206,2
ebb,1
flow,3
"life,",6
dance,15
existence.,1
10-01-2023,2
zenlifestyle,1
207,2
facing,3
"head-on,",1
determination,13
fuels,1
fire,1
within,5
achieve,2
impossible.,1
18-09-2020,2
13:45,9
resilientspirit,1
#determination,7
#achievetheimpossible,1
208,2
stillness,2
tranquil,7
retreat,2
modern,1
03-07-2021,1
naturesoul,1
#natureretreat,1
209,2
leading,2
down,4
rabbit,2
hole,1
"knowledge,",1
student,1
classroom.,1
08-10-2022,1
08:15,3
eternallearner,1
#knowledgequest,1
210,2
floating,4
air,5
"indifference,",2
detached,1
mundane,1
happenings,1
around.,1
22-03-2023,1
aloofobserver,1
#floatingthroughlife,1
211,2
entangled,1
web,3
reigning,1
labyrinth,9
ideas.,2
15-05-2021,1
thoughtexplorer,1
#thoughtlabyrinth,2
212,2
numb,1
"chaos,",1
locked,2
"away,",1
stoic,2
facade,1
concealing,1
turmoil.,1
28-12-2019,1
stoicsoul,1
#stoicfacade,1
213,2
whispers,16
"breeze,",2
conversation,2
forgotten,4
dreams.,5
01-03-2020,1
dreamerinsilence,1
#whispersinthebreeze,1
214,2
stumbling,1
upon,2
"journal,",2
flooding,1
"waves,",1
carrying,3
long,1
gone.,1
10-07-2018,2
journalkeeper,1
#journalmoments,1
215,2
tapestry,5
"feelings,",1
weaving,4
"uncertainty,",3
threads,7
ambivalence.,1
05-01-2022,1
threadweaver,2
#conflictingfeelings,1
216,2
"flaws,",1
"imperfection,",1
self-love.,1
20-08-2021,2
selfloveadvocate,1
#selflovejourney,1
217,2
burning,2
"wildfire,",1
overcoming,3
"obstacles,",1
turning,3
dreams,15
03-11-2019,1
dreamchaser,3
#dreamsintoreality,1
218,2
"ocean,",1
washing,1
waves',1
embrace.,1
12-04-2020,2
oceansoul,1
#oceanretreat,1
219,2
horizons,1
spark,3
"curiosity,",4
adventurer,1
landscape,6
15-04-2022,1
horizonexplorer,1
#newhorizons,1
220,2
drifting,2
nonchalant,1
"demeanor,",1
10-02-2023,2
nonchalantspirit,1
#driftingthroughlife,2
221,2
wrestling,1
perplexed,1
complexities.,1
05-08-2020,1
12:15,8
complexthinker,1
#perplexedmind,1
222,2
immersed,5
emotional,7
"numbness,",3
struggles.,1
01-12-2021,1
shieldedheart,1
223,2
symphony,16
playing,1
"background,",1
soundtrack,1
wistful,2
heart.,5
25-03-2019,1
21:00,10
symphonysoul,1
#wistfulheart,1
224,2
flipping,4
"yearbook,",1
smiles,2
face.,1
18-06-2017,1
yearbookexplorer,1
#yearbookmemories,1
225,2
opposing,1
colors,8
08-07-2022,1
decisivedilemma,1
#shadesofuncertainty,1
226,2
"imperfections,",3
"journey,",3
scars,1
all.,1
15-05-2023,1
imperfectharmony,1
#imperfectjourney,1
227,2
fiery,1
"within,",1
vision,1
unparalleled,1
heights.,2
10-09-2021,2
visionaryspirit,1
#unparalleledheights,1
228,2
basking,4
"forest,",2
where,19
bring,2
peace,5
soul.,6
28-02-2020,1
forestdreamer,3
#naturewhispers,1
231,2
noise,2
"world,",3
observer,1
cacophony.,1
10-03-2023,2
silentspectator,1
#silentobserver,1
232,2
navigating,6
companion,4
maze,4
02-05-2021,1
mazenavigator,1
229,1
233,2
impenetrable,2
shields,1
"storms,",1
fortress,2
resilience.,3
18-10-2019,2
resilientfortress,1
#stoicresilience,1
230,1
234,2
hues,6
"nostalgia,",3
canvas,5
memories.,4
05-01-2020,4
canvasdreamer,1
#bittersweetmemories,1
235,2
"past,",2
"diary,",1
taking,2
lead.,1
10-08-2018,1
diaryexplorer,1
#diaryjourney,1
236,2
clouding,1
"decisions,",1
crossroads,2
crossroadstraveler,1
#conflictingemotions,1
237,2
mosaic,4
20-07-2021,2
mosaicdreamer,1
#beautifulchaos,1
238,2
driving,2
"force,",1
propelling,1
forward,1
path,6
extraordinary,1
achievements.,1
03-12-2019,1
pathfinderspirit,1
#extraordinarypath,1
239,2
"raindrops,",2
escape,1
everyday,1
raindropharmony,1
#raindropmelody,1
240,2
exploration,3
"unknown,",2
seeker,1
knowledge,3
uncharted,2
territories.,1
08-05-2022,1
seekerofunknowns,1
#seekerofknowledge,1
241,2
"nonchalance,",1
trivialities,1
nonchalantwanderer,1
242,2
casting,5
shadows,4
quest,1
clarity.,1
05-06-2020,1
shadowedseeker,1
#labyrinthofthoughts,1
243,2
wrapped,3
cloak,2
storms,2
turbulence.,2
30-11-2021,2
turbulentshield,2
#emotionalstorms,2
244,2
"companion,",1
brushstrokes,2
yearning.,1
25-02-2019,1
wistfulpainter,1
#wistfulyearning,1
245,2
leafing,1
photo,5
"album,",1
tales,12
tears.,1
18-05-2017,1
taleweaver,1
#photoalbumstories,1
246,2
"air,",3
05-08-2022,1
crossroadsexplorer,1
#crossroadsconfusion,1
247,2
unpredictable,1
art.,2
15-06-2023,2
mosaicartist,1
#unpredictableart,1
248,2
"ablaze,",1
forging,1
"challenges,",3
sculpting,1
tangible,1
realities.,1
10-10-2021,1
dreamsculptor,1
#sculptingdreams,1
249,2
immerse,1
moonlit,5
"night,",6
12-05-2020,1
moonlitsoul,1
#moonlitpeace,1
250,2
venturing,1
"realms,",1
fearless,1
explorer,1
mysteries,5
01-12-2022,2
fearlessexplorer,1
#fearlessexplorer,1
251,2
252,2
dancing,9
exuberance,1
carefree,1
"spirit,",2
zest,3
turn.,2
12-07-2018,1
joyfuldancer,1
#zest,2
#carefreespirit,1
253,2
golden,6
glow,6
"contentment,",4
river,5
flowing,1
05-09-2020,1
20:10,1
serenebasker,1
#goldenglow,1
254,2
horizon,1
"eyes,",1
illuminated,1
sun,2
optimism.,1
18-04-2022,2
dreampainter,1
#hopeful,9
#canvasofdreams,1
255,2
"tall,",1
proud,5
"oak,",1
branches,1
achievement,2
sky,10
accomplishment.,3
10-12-2019,1
oakachiever,1
#proud,4
#branchesofachievement,1
256,2
heart,15
"gratitude,",3
appreciation,5
blooms,5
soil,1
heartgardener,1
#grateful,4
#blossomingconnection,1
257,2
extending,1
"hand,",1
empathetic,4
"understanding,",1
sorrows,1
03-04-2018,1
14:15,13
#empathetic,3
#tapestryofunderstanding,1
258,2
compassionate,8
"clouds,",1
heavy,3
"care,",1
showering,1
empathy,6
parched,1
grounds,1
human,4
suffering.,1
20-06-2022,2
cloudcaretaker,1
#compassionate,4
#showerofempathy,1
259,2
playfully,3
rain,3
"laughter,",4
whimsical,4
spirit,6
twirling,3
puddles,1
lightheartedness.,1
playful,10
08-07-2020,2
raindancer,1
#playful,6
#danceintherain,1
260,2
soaring,6
wings,3
free,5
unburdened,1
chains,1
"conformity,",1
independence.,1
free-spirited,3
15-08-2021,1
11:10,3
skypainter,1
#freespirit,3
#paintingthesky,1
261,2
bathed,3
"inspiration,",4
phoenix,1
rising,1
ashes,1
ordinary,1
thoughts,3
realms.,1
25-10-2019,1
16:50,1
phoenixexplorer,1
#inspired,5
#creativephoenix,1
262,2
"hope,",2
sailing,2
sunrise,3
"possibilities,",2
confident,6
ship,1
anticipation.,1
05-10-2023,2
sunrisenavigator,1
#sunriseofpossibilities,1
263,2
striding,1
footprints,1
self-assuredness,3
imprinted,1
sands,1
conquered,1
victories,1
claimed.,1
15-02-2022,2
sandstrider,1
#confident,3
#footprintsofassuredness,1
264,2
serenade,2
wanderlust,2
08-05-2021,1
22:00,14
nightserenader,1
#moonlitserenade,1
265,2
unveiling,1
layers,1
questions,1
treasure,2
troves,1
undiscovered,1
29-11-2020,1
knowledgeseeker,1
#labyrinthofquestions,1
266,2
autumn,2
waltz,1
choices,1
uncertainties.,1
14-09-2019,1
10:20,1
breezewaltzer,1
#autumnwaltz,1
267,2
"star,",1
constellation,1
blessings,1
universe,2
precious,1
moments.,4
12-03-2022,1
starnavigator,1
#guidingstar,1
268,2
zestful,1
sprinting,1
fields,2
"enthusiasm,",1
chasing,3
sunbeams,1
meadows,1
30-03-2023,1
meadowsprinter,1
#fieldsofenthusiasm,1
269,2
"rain,",3
falling,3
"gently,",3
nurturing,3
seeds,6
connections.,3
01-07-2021,3
12:10,3
rainnurturer,3
#tearsofempathy,3
270,2
proudly,3
scaling,3
peaks,3
"achievement,",3
mountaineer,3
conquering,5
planting,3
flag,3
peakconqueror,3
#scalingpeaks,3
271,2
embraced,3
"dawn,",3
gardener,4
sowing,3
"optimism,",3
tending,3
tomorrow.,3
17-07-2022,3
06:15,4
dawngardener,3
#seedsofoptimism,3
272,2
escapade,3
carnival,4
carousel,3
cotton,3
candy,3
swirling,3
joyous,3
atmosphere.,3
22-08-2018,3
17:20,3
carnivaldreamer,3
#carnivalescapade,3
273,2
artist,2
strokes,2
"creativity,",3
creating,12
masterpiece,4
08-12-2021,3
skyartist,2
#cloudsofcreativity,2
274,2
boat,2
cruise,2
waters,3
acceptance.,2
27-04-2019,2
09:50,2
rivernavigator,2
#tranquilwaters,2
275,2
"lantern,",2
wandering,8
dark,3
alleys,2
"sorrow,",3
illuminating,2
care.,2
03-09-2023,3
21:40,2
lanternwanderer,2
#lanternofcompassion,2
276,2
"dreams,",5
leaving,8
trails,4
independence,2
azure,3
boundless,3
possibilities.,4
10-06-2020,4
10:05,2
dreamsoarer,2
#wingsofdreams,2
277,2
"gratefulness,",2
its,6
warm,4
landscapes,2
01-04-2022,2
sunsetadmirer,2
#goldenhues,2
278,2
strides,2
ballroom,5
"leads,",2
grace.,2
15-01-2021,4
13:00,6
dancestrider,2
#danceoflife,2
279,2
"wind,",3
promises,3
optimism,4
06-05-2023,2
07:20,2
windwhisperer,3
#brightertomorrows,2
280,2
juggling,3
"responsibilities,",2
circus,2
performer,2
balancing,3
work,4
"joy,",5
tossing,2
air.,3
jugglingartist,2
#jugglingresponsibilities,2
281,2
whispering,3
inspiration,14
"stars,",2
storyteller,2
crafting,3
constellations,2
imagination.,2
29-08-2020,2
starstoryteller,2
#talestothestars,2
282,2
charting,2
course,2
waves,6
"anticipation,",3
sailor,2
steering,2
shores,2
yet,2
unexplored.,2
30-10-2022,2
11:40,2
wavenavigator,2
#sailorofdreams,2
283,2
284,2
285,2
286,2
287,2
288,2
289,2
290,2
291,2
292,2
293,2
294,2
295,2
296,2
297,2
298,2
299,2
300,2
301,2
abyss,3
shattered,14
"fragments,",1
echoing,3
silence,3
hopelessness.,2
15-09-2021,1
shatteredheart,1
#echoingsilence,1
302,2
bitterness,8
festering,2
venomous,2
"vine,",1
entwining,1
soul,9
"resentment,",1
08-03-2019,2
venomoussoul,1
#resentmentweb,1
303,2
desert,1
"loneliness,",4
step,5
"sigh,",1
mirages,1
connection,4
shimmering,1
but,6
never,5
materializing.,1
20-07-2017,1
desertwanderer,1
#miragesofconnection,1
304,2
touch,1
that's,1
"there,",1
distant,3
haunting,1
cold,2
solitude.,3
02-11-2020,1
coldembrace,1
#yearning,2
#distantwarmth,1
305,2
eyes,4
wide,1
open,3
fearful,6
"walls,",1
prisoner,2
imagined,1
horrors.,1
12-05-2022,1
02:00,1
nightprisoner,2
#fearful,3
#imaginedhorrors,1
306,2
apprehensive,4
steps,1
tightrope,2
fall,3
seems,2
"inevitable,",1
08-04-2023,1
tightropewalker,1
#apprehensive,2
#balancingact,1
307,2
weight,3
atlas,1
trembling,1
"shoulders,",1
responsibility,1
boulder,1
exhaustion.,1
25-06-2021,1
17:50,1
atlasbearer,1
#bouldersofexhaustion,1
308,2
"jealousy,",3
green-eyed,1
"monster,",1
lurking,3
"shadows,",2
cloud,1
sunshine,1
jealous,3
30-08-2019,1
10:10,1
greenmonster,1
#jealous,3
#greeneyedmonster,1
309,2
devastated,5
"betrayal,",6
wreckage,1
trust,3
scattered,2
"debris,",1
winds,2
broken,6
promises.,1
03-08-2022,1
stormsurvivor,1
#devastated,3
#windsofbrokenpromises,1
310,2
frustrated,8
tapping,2
"keyboard,",1
annoyance,1
composing,2
unsolvable,1
unmet,1
expectations.,1
17-12-2020,1
09:20,1
puzzlecomposer,1
#frustrated,5
#unsolvablepuzzle,1
311,2
envious,6
fixated,1
gilded,1
"prize,",1
heartache,5
desire,2
possessions,1
seem,2
forever,2
reach.,1
28-02-2021,3
22:45,2
gildedheartache,1
#envious,3
#gildedprize,1
312,2
dismissive,6
"glances,",1
built,1
walls,3
pleas,1
understanding,3
recognition.,1
10-05-2018,1
indifferentfort,2
#dismissive,3
#impenetrablewalls,1
313,2
lie,2
floor,3
fragments,3
"glass,",3
disappointment,6
crafted,2
hands,3
frustration.,2
07-01-2022,2
dreammosaic,2
#mosaicofdisappointment,2
314,2
only,3
echo,5
chamber,2
"solitude,",5
heart's,2
solitary,4
nocturne.,2
19-09-2019,2
03:30,3
nocturnalecho,2
#solitarynocturne,2
315,2
"dark,",1
haunted,3
specter,2
rhythm,5
anxiety's,1
tune.,1
14-07-2023,2
23:00,3
darkwhispers,1
#specteroftheunknown,1
316,2
"bitterness,",2
aftertaste,1
lingering,2
"tongue,",1
word,1
reminder,2
wounds,1
refuse,1
heal,1
passing,1
05-04-2020,1
lingeringtaste,1
#bitteraftertaste,1
317,2
cacophony,1
"expectations,",2
tempest,1
"pressure,",1
struggling,2
stay,2
afloat.,1
29-11-2021,1
tempestsurvivor,1
#drowningsoul,1
318,2
venom,1
seeps,1
"veins,",1
breeding,1
ground,1
discontent.,1
12-12-2019,1
venomousheart,1
#heartofdiscontent,1
319,2
revelation,1
fragile,3
shards,2
pain,4
wake.,1
20-05-2022,2
fragiletrust,1
#shatteredtrust,2
320,2
attempts,2
mend,1
"connection,",1
grains,1
sand.,1
03-09-2020,1
brokenthreads,1
#slippingthreads,1
321,2
gazes,1
cast,1
podium,1
"success,",2
pill,1
"swallowed,",1
taste,2
unattained,1
10-02-2021,1
successpill,1
#bitterpill,1
322,2
"gestures,",2
curtain,2
drawn,2
"vulnerability,",2
stage,3
take,2
backseat,2
performance,3
18-08-2018,4
14:40,1
curtainshield,1
#indifferenceperformance,2
323,2
"fog,",1
enveloping,1
"thought,",1
blurring,1
utter,1
28-02-2022,3
foggylabyrinth,1
#labyrinthofhopelessness,1
324,2
chill,1
freezing,1
icicles,1
dangle,1
precariously,1
memory.,2
15-10-2019,1
icyresentment,1
#iciclesofresentment,1
325,2
moon,1
starless,1
"sky,",2
"isolation,",1
bounce,1
spaces.,1
01-12-2017,1
18:50,1
solitarymoon,1
#starlesssky,1
326,2
vanished,1
"sun,",1
painted,2
graced,1
horizon.,1
18-04-2020,1
16:15,5
vanishedsunset,1
#huesofsunset,1
327,2
scanning,1
terrorized,1
monsters,1
born,1
mind's,2
darkest,1
corners.,1
07-01-2023,1
#lurkingmonsters,1
328,2
forecast,1
vane,1
spinning,1
wildly,1
doubt.,1
10-06-2021,2
#stormofdoubt,1
329,2
minotaur,1
pressure,3
"labyrinth,",1
waiting,2
devour,1
22-02-2020,1
15:20,1
mazeexplorer,1
#minotaurofpressure,1
330,2
"wound,",1
intensifying,1
glance,1
"achievements,",1
blooming,3
beyond,1
fence.,1
17-03-2018,1
woundedgarden,1
#bloomingachievements,1
331,2
"devastated,",1
"ruins,",2
reverberating,1
"chambers,",1
requiem,1
what,1
once,4
whole.,1
28-10-2022,1
11:15,2
ruinedheart,1
#echoesofshattereddreams,1
332,2
untangle,1
knot,1
further,1
miscommunication.,1
01-11-2020,1
knotuntangler,1
#labyrinthofmiscommunication,1
333,2
chest,1
"opportunities,",1
keys,1
elusive.,1
22:10,1
elusivekeys,1
#desireforkeys,1
334,2
335,2
336,2
337,2
mountains.,1
#breathtakingsunrise,1
338,2
determination.,1
12-10-2023,2
goalpursuer,1
339,2
hits,2
while,8
album.,2
memorylane,1
#oldmemories,1
340,2
thrilled,1
grandeur,5
cultural,2
thrill,10
15-09-2020,2
cultureenthusiast,1
#thrill,4
#culturalcelebration,2
341,2
raindrops,1
windowpane.,1
08-11-2017,1
rainwatcher,1
342,2
20-05-2021,1
personaljourney,1
#supportivecommunity,2
343,2
builds,2
countdown,1
long-awaited,1
vacation,1
begins.,1
#vacationcountdown,1
france,16
344,2
lessons,2
learned.,1
05-12-2018,2
lifelearner,1
#lifelessons,2
brazil,17
345,2
arise,1
15-03-2020,1
farewellsender,1
#bittersweet,1
japan,15
346,2
sparked,1
mysterious,1
ancient,12
ruin.,1
22-08-2016,2
15:10,1
historyexplorer,1
#ancientdiscovery,1
greece,5
347,2
intricate,4
details,1
handcrafted,1
masterpiece.,1
20-08-2019,1
craftenthusiast,1
#handcraftedart,1
348,2
overjoyed,2
fireplace,1
winterlover,1
#overjoyed,1
#winterwarmth,1
349,2
strikes,1
observing,1
vibrant,8
#colorfulsunset,1
350,2
motivated,1
goals,1
invigorating,1
workout.,2
motivation,1
07:15,1
fitnessjunkie,1
#motivation,1
351,2
simple,5
morning,1
coffee.,1
15-04-2017,1
coffeelover,1
#morningcoffee,1
352,2
hikingexplorer,1
#hikingadventure,2
353,2
kittens,1
playtime.,1
22-10-2022,1
12:45,6
kittyobserver,1
#playfulkittens,1
354,2
contemplating,2
starry,1
contemplation,4
02-07-2016,1
23:30,4
#contemplation,2
355,2
joyful,3
long-lost,1
years,2
separation.,1
18-11-2020,1
friendshiprenewal,1
#joyfulreunion,1
#friendship,2
356,2
preparing,2
05-03-2023,1
celebrationplanner,1
#surprisecelebration,2
357,2
satisfaction,5
derived,1
successfully,6
01-12-2015,1
#satisfaction,2
#diyproject,1
358,2
blessed,2
times,2
need.,1
communityhelper,1
359,2
captivated,4
full,3
bloom.,1
12-05-2018,2
gardenenthusiast,2
#tranquilgarden,1
360,2
exotic,2
destination.,1
25-07-2022,1
#adventureawaits,1
361,2
growth,1
achieved,1
experiences.,2
reflection,4
362,2
nostalgic,1
memories,5
flood,1
favorites.,1
28-01-2017,1
childhoodmemories,1
#childhoodfavorites,1
363,2
culture,1
experienced,1
travel.,1
14-11-2016,1
cultureexplorer,1
#appreciation,1
#culturalexperience,1
364,2
confidence,2
soars,1
public,1
anxiety.,1
publicspeaker,1
#confidence,1
#overcominganxiety,1
365,2
gathering,1
filled,6
laughter.,1
familycelebration,1
#familylaughter,3
366,2
skills,2
expanding,1
07-08-2018,1
lifelonglearner,1
367,2
delight,4
cityexplorer,1
368,2
accomplishment,5
30-06-2022,1
07:00,1
#accomplishment,3
#fitnesssuccess,1
369,2
wonderment,2
double,1
rainbow,1
rain.,1
12-06-2017,1
rainbowchaser,1
#wonderment,1
#doublerainbow,1
370,2
bright,1
05-07-2021,1
futureoptimist,1
#brightfuture,1
371,2
career,2
progression.,1
15-04-2016,1
careerachiever,1
#careermilestone,1
372,2
flowers,3
sunny,1
10-02-2020,1
sunnydayenthusiast,1
#sunnyday,1
373,2
rare,1
quaint,1
bookstore.,1
22-09-2018,2
#rarebookdiscovery,1
374,2
piqued,1
archaeological,2
site.,2
08-11-2015,2
archaeologyenthusiast,2
#ancientmysteries,2
375,2
mesmerized,1
cosmic,1
fireflies,1
enchantment,5
10-08-2022,2
nightskyobserver,2
#enchantment,4
#cosmicfireflies,1
376,2
intrigued,1
abstract,2
exhibition.,3
intrigue,1
05-04-2019,3
artconnoisseur,1
#intrigue,1
#abstractart,1
377,2
giggles,1
children's,1
playdate.,1
playfuljoy,1
15-12-2020,2
playfulparent,1
#playfuljoy,1
#childrensplaydate,1
378,2
enveloped,1
lake.,1
20-10-2017,2
zenseeker,1
#laketranquility,1
379,2
kite,1
high,2
skydreamer,1
#dreamchaser,1
#skyhighdreams,1
380,2
spellbound,1
elegance,4
crystal,1
chandeliers.,1
12-06-2018,2
danceenthusiast,2
#elegance,1
#ballroomdance,1
381,2
fairy,3
magical,1
creatures.,1
whimsy,2
08-03-2016,2
fairytaleexplorer,1
#whimsy,2
#magicalworld,1
382,2
pensive,2
amid,2
ruins,5
civilization.,3
18-04-2023,2
ruinsexplorer,2
#pensive,1
#ancientcivilization,1
383,2
speed,1
rollercoaster's,2
exhilarating,1
twists.,2
25-07-2020,2
rollercoasterfan,1
#rollercoasteradventure,1
germany,14
384,2
harmony,5
resonates,5
musicians,2
play,2
unity,1
togetherness.,1
30-11-2019,2
musicharmonist,2
#harmony,3
#musicalunity,2
sweden,2
385,2
burst,3
creativity,11
solitude,3
artist's,2
studio.,2
01-09-2015,2
studioartist,2
#artistshaven,1
italy,11
386,2
radiant,2
akin,2
sun-kissed,1
spring,2
radiance,2
05-05-2022,2
springenthusiast,2
#radiance,2
#springblooms,2
netherlands,4
387,2
wonder,6
vastness,4
cosmos,2
stargazing,3
08-07-2018,2
cosmosexplorer,2
#wonder,3
#stargazingadventure,2
south,6
africa,6
388,2
rejuvenated,2
salty,2
breeze,2
sound,2
seaside.,2
rejuvenation,2
20-09-2021,2
seabreezelover,2
#rejuvenation,2
#seasideescape,2
spain,6
389,2
rustling,2
forest.,2
15-11-2016,2
#forestwhispers,2
portugal,2
390,2
savoring,7
cocoa,2
chilly,2
coziness,2
12-01-2020,2
#coziness,2
#warmwinterevening,2
switzerland,3
391,2
reunion.,2
28-12-2017,2
familygatherer,2
austria,2
392,2
culinary,4
"adventure,",4
flavors,5
02-03-2019,2
culinaryexplorer,2
#culinaryjourney,1
belgium,2
393,2
floods,2
final,2
piece,2
clicks,1
place.,1
08-06-2022,2
puzzlesolver,2
#puzzlecompletion,1
denmark,2
394,2
awe-inspired,2
cathedral's,2
architecture.,2
cathedralvisitor,2
#architecturalgrandeur,2
czech,2
republic,2
395,2
ethereal,1
field,2
fireflies.,1
#fireflyfield,1
396,2
enchanting,2
melodies,3
street,4
musician's,1
violin.,1
melodic,1
#melodic,1
#streetmusic,1
397,2
lively,2
carnival.,1
festivejoy,1
carnivalgoer,1
#festivejoy,1
#summercarnival,1
398,2
mindful,1
meditation,1
session.,3
innerjourney,1
mindfulexplorer,1
#innerjourney,1
#meditationbliss,1
399,2
coastal,1
cliff.,1
freedom,4
coastalexplorer,1
#freedom,1
#coastaladventure,1
400,2
dazzled,1
masquerade,1
ball's,1
dazzling,1
costumes.,1
dazzle,1
masqueradeattendee,1
#dazzle,1
#masqueradeelegance,1
401,2
tales.,1
fairytaleadventurer,1
#fairytalemagic,1
402,2
reflective,1
era.,1
#forgottenera,1
403,2
riding,2
adrenaline,2
rush,2
wild,2
thrillseeker,1
#adrenaline,1
#rollercoasterthrills,1
404,2
unity.,1
405,2
quietude,2
artisticburst,1
#artisticburst,1
#studiocreativity,1
406,2
blossoming,1
sunlit,1
407,2
408,2
409,2
410,2
411,2
412,2
"odyssey,",1
culinaryodyssey,1
#culinaryodyssey,1
#flavorsaroundtheworld,1
413,2
fits,1
perfectly.,1
#perfectpuzzle,1
414,2
415,2
awakened,1
416,2
giddy,1
first,3
snowflakes,1
02-12-2020,1
snowfallenthusiast,1
#snowfallmagic,1
417,2
envelops,1
aroma,3
freshly,3
baked,2
bread,1
fills,1
10-06-2017,1
breadlover,1
#freshbreadaroma,1
418,2
resilience,3
lone,1
tree,1
tall,1
storm.,1
15-04-2021,2
natureresilient,1
#resilience,2
#standingtall,1
419,2
captivating,4
"novel,",2
transported,2
immersion,1
28-09-2019,2
#immersion,1
#captivatingnovel,1
420,2
drenched,2
05-12-2016,1
familyhistorian,1
#familyphotoalbum,1
421,2
ignites,1
shooting,1
star,1
10-02-2018,1
nightskywatcher,1
#spark,1
#inspirationignited,1
422,2
imbued,1
pleasure,1
teaenthusiast,1
#warmtea,1
423,2
marveling,1
kaleidoscope,2
market.,1
marvel,2
22-08-2015,1
marketexplorer,1
#marvel,1
#colorfulstreetmarket,1
424,2
awash,1
lakeside,1
retreat.,1
20-11-2020,1
lakesideretreater,1
#tranquilsunset,1
425,2
sorrow,3
resurface.,1
heartbreak,3
05-08-2019,1
lostinlove,1
#heartbreak,3
#lostlove,2
426,2
heavier.,1
12-02-2021,1
solitudeseeker,1
#heavyheart,1
427,2
mourning,1
end,2
cherished,6
friendship.,1
28-11-2020,1
friendshipsend,1
#lostfriendship,1
428,2
"mind,",1
adrift,2
endless,2
darkness.,1
15-05-2016,2
22:30,9
lostindarkness,1
#endlessdarkness,1
429,2
crumbles,1
glass.,2
betrayal,5
10-09-2018,1
#betrayal,5
430,2
aching,1
plays,1
20-03-2022,1
silentsufferer,1
#suffering,1
#heartachesymphony,1
431,2
"storm,",1
whirlwind,1
thought.,1
emotionalstorm,1
18-07-2017,1
stormyfeelings,1
#sadnesswhirlwind,1
432,2
"regrets,",1
ghost,2
lingers,1
relentlessly.,2
lingeringghost,1
#hauntedpast,1
433,2
apart,1
loss,3
reverberate,2
28-06-2015,2
echoesofloss,1
#tornapart,1
434,2
isolation,3
"deepens,",2
winterofemotions,1
#emotionalwinter,1
435,2
soul-crushing,1
"disappointment,",2
hopes,1
08-10-2019,1
shatteredhopes,1
#disappointment,3
#crushedhopes,1
436,2
"cherished,",1
now,2
lostlove,1
22-11-2016,2
abyssoftime,1
#painfulechoes,1
437,2
despair.,3
18-08-2022,1
solitarydescent,1
#abyssofheartache,1
438,2
12-03-2017,1
serenadeofsolitude,1
#quietserenade,1
439,2
"poison,",1
seeping,1
crevice,1
wounded,1
15-12-2015,1
poisonedheart,1
#woundedheart,1
440,2
"exhaustion,",1
crushing,1
weary,1
shoulders.,1
exhaustion,1
05-09-2021,1
wearysoulcrushed,1
#exhaustion,1
#crushedspirit,1
441,2
sorrowful,1
"echoes,",1
played,2
strings,1
loss.,2
stringsofsorrow,1
#sorrow,2
#symphonyofloss,1
442,2
darkness,2
"descends,",2
engulfing,1
10-07-2016,1
soulinshadow,1
#darkness,1
#soulengulfed,1
443,2
desperation,2
"whispers,",1
plea,1
glimmer,1
abyss.,1
30-04-2019,1
whispereddespair,1
#desperation,1
#glimmerofhope,1
444,2
remnants,1
wind.,1
08-01-2022,2
dreamsinwind,1
#ruins,1
#shattereddreams,1
445,2
"dream,",1
scattered.,1
desolation,4
10-09-2017,3
dreamechoes,1
#desolation,4
#scatteredhope,1
446,2
avoiding,2
thorns,1
"regret,",2
walking,3
barefoot,1
remorse.,1
remorsewalker,1
#pathofremorse,1
447,2
footsteps,1
joylabyrinth,1
#lostjoyfootsteps,1
448,2
crashing,1
28-06-2016,1
solitudeseas,1
#crashingwaves,1
449,2
staining,2
palate,1
trust.,1
22-10-2019,1
palatestainer,1
#stainedtrust,1
450,2
whisper,2
15-03-2021,1
hoperuins,1
#whisperedloss,1
451,2
stone,5
ocean,1
"heartbreak,",2
ripple,1
sigh,1
10-08-2017,1
oceansinker,1
#rippleofdespair,1
452,2
"tears,",2
ink,1
testament,3
grief.,1
inkjournalist,1
#silenttears,1
453,2
wasteland,1
"trust,",2
reverberate.,1
12-12-2016,1
trustwasteland,1
#reverberatingpromises,1
454,2
18-07-2020,1
dreamtightrope,1
#tightropewalk,1
455,2
suffocating,1
thrived.,1
echoedlaughter,2
#silentsolitude,1
456,2
fade,1
away.,3
08-11-2019,1
possibilityghost,1
#fadingpossibilities,1
457,2
endlessly.,1
28-03-2017,2
endlesslabyrinth,1
#endlessreverberation,1
458,2
carried,1
current.,1
18:15,2
riverofsorrow,1
#autumnleaves,1
459,2
petals,2
"fall,",2
testimony,1
hopes.,1
10-06-2018,1
dreamgardener,1
#shatteredhopes,1
460,2
currency,1
spent,8
marketplace,1
longing.,2
22-12-2016,1
currencyoftears,1
#lostlovelonging,1
461,2
closing,2
wrong,3
05-01-2021,1
mazewanderer,1
#closingwalls,1
462,2
weathered,1
refuge,1
calm,1
after.,1
18-04-2019,3
11:00,1
stormseeker,1
#calmafterstorm,1
463,2
"unravel,",1
portrait,1
sorrow.,1
28-08-2017,1
tapestrysorrow,1
#unraveledhope,1
464,2
withered,1
rose,1
"love,",3
surrender,1
witheredrose,1
#silentsurrender,1
465,2
void,1
"heartache,",1
song,1
"play,",1
note,5
pang,1
10-07-2022,1
22:15,7
lovesongecho,1
#heartache,1
#lovesonglonging,1
466,2
15-05-2019,1
21:30,6
moonlitmemories,1
#cherishedmemories,1
467,2
tear,1
"note,",1
melody.,1
28-11-2018,1
symphonyoftears,1
#melancholicmelody,1
468,2
serpent,1
slithering,1
roots.,1
venomousgarden,1
#poisonedtrust,1
469,2
quicksand,1
harder,2
you,3
"fight,",1
deeper,2
descend.,1
18-10-2016,1
quicksandfighter,1
#deepdescent,1
470,2
cemetery,1
tombstones,1
marking,1
untold,1
sorrows.,1
15-08-2020,1
dreamcemetery,1
#untoldsorrows,1
471,2
swept,1
currents,1
refusing,1
release.,1
28-04-2017,1
regretriver,1
#pastcurrents,1
472,2
linger,1
attic,1
erased.,1
10-09-2019,1
heartattic,1
#forgottenlove,1
473,2
gallery,1
"promises,",1
vow,1
"framed,",1
28-01-2022,1
promisegallery,1
#shatteredvows,1
474,2
shadows.,1
15-06-2016,1
echoedconversation,1
#solitude,1
#shadowconversation,1
475,2
"sunshine,",1
celebration,4
sunshinedancer,1
#simplemoments,1
476,2
chorus,1
lifts,1
higher.,1
12-04-2018,1
#spiritlifter,1
477,2
bloom,2
gardenofjoy,1
478,2
28-10-2019,2
#hopefuljourney,1
479,2
serenading,1
stars,2
thankfulness.,2
22-12-2017,1
starserenader,1
#thankfulmelody,1
480,2
"accomplishment,",1
stepping,1
happiness.,4
glowachiever,1
#happinessmilestone,1
481,2
"positivity,",1
"rhythm,",1
uplifting,1
harmony.,1
positivity,1
18-09-2016,1
danceharmony,1
#positivity,1
#soulupliftment,1
482,2
"friends,",2
cherished.,1
laughtercup,1
#cherishedmoment,1
483,2
draped,1
"kindness,",1
quilt,1
stitched,1
love.,1
05-05-2019,1
quiltedcompassion,1
#lovestitches,1
484,2
"friendships,",1
camaraderie.,1
friendship,5
28-08-2018,1
friendshipgarden,1
#camaraderieblooms,1
485,2
heartbeat,2
"melody,",1
affection.,1
15-11-2022,1
melodyoflove,1
#rhythmofaffection,1
486,2
surrounded,3
smiles.,1
02-07-2019,1
colorfullaughter,1
#endlesssmiles,1
487,2
"excitement,",1
"energy,",2
igniting,2
fervor.,1
18-04-2021,1
symphonyfervor,1
#ignitedsoul,1
488,2
"gift,",1
unfolds,2
wonder.,2
05-02-2023,1
wrappeddelight,1
#wonderfulmoment,1
489,2
twist,1
turn,4
unveils,2
treasures,1
discovery.,1
mazediscovery,1
#treasuresofdiscovery,1
490,2
raindrop,1
"blessing,",1
shower,1
10-12-2016,1
cloudsofblessings,1
#showerofthankfulness,1
491,2
comet,1
streaking,1
brilliance.,1
28-05-2020,1
cometcreativity,1
#brillianttrails,1
492,2
fireworks,1
light,1
triumph.,1
success,1
15-11-2017,1
fireworkstriumph,1
#nightskytriumph,1
493,2
unlocking,1
door,1
02-08-2021,1
laughtersymphony,1
#boundlesslaughter,1
494,2
rollercoaster,3
sends,1
ride.,1
emotioncarnival,1
#wildheartride,1
495,2
eiffel,1
"tower,",1
reflect,2
parisian,1
parisdreamer,1
#parisiandreams,1
496,2
"disneyland,",1
realm,3
fantasies.,1
28-09-2022,1
disneylandexplorer,1
#childhoodfantasies,1
497,2
ferrari,1
roar,1
engines,1
speed.,1
10-11-2019,1
ferrarispeedster,1
#symphonyofspeed,1
498,2
tulip,1
"keukenhof,",1
springtime,1
02-04-2021,1
keukenhofadventurer,1
#springtimecolors,1
499,2
streets,1
"kyoto,",1
japan's,1
traditions.,1
22-08-2017,1
kyotoadventurer,1
#exploration,2
#japanesetraditions,1
500,2
grand,2
"canyon,",1
nature's,6
"masterpiece,",1
earth's,1
grandeur.,2
15-06-2020,1
canyonmarveler,1
#earthsgrandeur,1
501,2
journeying,1
"santorini,",1
tranquility.,1
10-09-2016,1
santorinitraveler,1
#sunsethues,1
502,2
amazed,1
architectural,1
marvels,2
"petra,",1
telling,3
amazement,1
petraexplorer,1
#amazement,1
#ancienttales,1
jordan,1
503,2
gondola,1
"venice,",1
canal,1
romance,2
timeless,6
veniceromantic,1
#romance,1
#timelesscity,1
504,2
summit,2
machu,1
"picchu,",1
panorama,1
secrets,1
civilizations.,1
05-11-2017,2
machupicchuadventurer,1
#ancientcivilizations,1
peru,1
505,2
york,1
"city,",3
square,1
dazzles,1
"lights,",3
spectacle,1
urban,1
energy.,1
20-07-2022,1
timessquareexplorer,1
#urbanenergy,1
506,2
charm,4
"colosseum,",1
gladiator,1
valor.,1
captivation,2
15-03-2018,1
colosseumadventurer,1
#captivation,2
#gladiatortales,1
507,2
"maldives,",1
paradise.,1
maldivessailor,1
#paradisewhispers,1
maldives,1
508,2
amazon,1
"rainforest,",1
wildlife,1
creates,3
orchestra,1
wonders.,1
amazonexplorer,1
#natureorchestra,1
509,2
great,2
wall,1
"china,",1
engineering,1
marvels.,1
18-08-2017,2
greatwallwalker,1
#engineeringmarvels,1
china,1
510,2
mount,1
"fuji,",1
15-04-2020,1
05:30,1
fujisummitachiever,1
#sunrisehues,1
511,2
angkor,1
"wat,",1
stories,1
khmer,1
angkorwatadventurer,1
#khmerstories,1
cambodia,1
512,2
skiing,1
slopes,1
swiss,1
"alps,",1
majesty,1
snow-capped,1
peaks.,1
10-01-2019,1
alpsskiadventurer,1
#snowpeakdance,1
513,2
tranquility,5
kyoto's,1
bamboo,1
zen,1
wisdom,2
groves.,1
kyotobambooseeker,1
#tranquility,2
#zenwisdom,1
514,2
cruising,1
fjords,1
"norway,",1
icy,1
28-05-2018,1
norwayfjordexplorer,1
#grandeur,1
#icymasterpiece,1
norway,1
515,2
front,1
row,1
adele's,1
"concert,",12
'someone,1
you',4
soul-stirring,1
emotion,3
15-09-2022,1
adeleconcertgoer,1
#emotion,2
#adeleconcert,1
516,2
beyonc√©'s,1
"show,",5
power,2
'single,1
ladies',1
move.,1
energy,1
28-07-2019,1
beyoncedancer,1
#energy,1
#beyonceconcert,1
517,2
crowd,3
taylor,1
swift,1
lyrics,2
'love,1
story',1
create,5
tale.,1
10-05-2021,1
swiftiedreamer,1
#taylorswift,1
518,2
rocking,2
guitar,1
solos,1
queen,1
tribute,3
back,3
freddie's,1
spirit.,1
02-12-2018,1
queentributefan,1
#queentribute,1
519,2
swaying,3
ed,1
sheeran's,1
acoustic,1
"melodies,",1
'perfect',1
18-08-2020,1
sheeranmelodylover,1
#edsheeranconcert,1
520,2
pulsating,1
beats,2
bruno,1
mars,1
'uptown,1
funk',1
becomes,4
city,3
marsjoyexplorer,1
#brunomars,1
521,2
michael,1
jackson,1
moonwalking,1
"hits,",1
king,1
pop.,1
mjtributedancer,1
#mjtribute,1
522,2
swinging,1
rhythms,1
frank,1
sinatra,1
"tribute,",1
'fly,1
moon'.,1
10-06-2019,1
sinatracharmlistener,1
#charm,1
#sinatratribute,1
523,2
mosh,1
pit,1
metallica,1
thunderous,1
chords,2
headbanging,1
ecstasy.,1
ecstasy,1
20-03-2023,1
metallicamoshwarrior,1
#ecstasy,1
#metallicaconcert,1
524,2
magic,6
coldplay,1
'fix,1
beacon,1
coldplayhopeseeker,1
#coldplaymagic,1
525,2
justin,1
bieber,1
infectious,1
'baby',1
unbridled,1
bieberdanceenthusiast,1
#justinbieber,1
526,2
spotlight,1
lady,1
gaga,1
costume,1
change,2
metamorphosis,1
artistry.,1
gagaartisticchameleon,1
#ladygaga,1
527,2
soulful,1
"adele,",1
"freely,",1
moved,1
'hello'.,1
adelemelodytearjerker,1
#adelemelodies,1
528,2
confetti,1
katy,1
perry,1
colorful,1
22-06-2020,1
katyperrycolorexplosion,1
#colorful,1
#katyperry,1
529,2
audience,2
jay-z,1
"performance,",1
'empire,1
mind',1
become,1
anthem,1
pride.,1
20:15,6
jayzempirelistener,1
#jayzanthem,1
530,2
shakira's,1
rhythmic,1
"beats,",1
hips,1
hypnotic,2
'hips,1
don't,1
lie'.,1
shakirahipsdancer,1
#hypnotic,1
#shakirarhythms,1
colombia,1
531,2
u2,1
anthemic,1
'with,1
or,1
without,3
u2connectionseeker,1
#connection,1
#u2anthem,1
ireland,1
532,2
guns,1
n',1
roses,1
iconic,2
riffs,1
'sweet,1
child,1
o',1
mine',1
10-12-2018,1
gunsnrosesriffrockstar,1
#iconic,1
#gnrconcert,1
533,2
ariana,1
grande,1
notes,1
'into,1
euphoric,1
arianaeuphoriachaser,1
#arianagrande,1
534,2
reggae,1
bob,1
marley's,1
chord,1
jamaica's,1
05-03-2020,1
marleyreggaetraveler,1
#journey,1
#bobmarleytribute,1
jamaica,1
535,2
spellbinding,1
plot,1
"twists,",1
"applauds,",1
premiere.,1
12-10-2018,1
movieenthusiastpremiereattendee,1
#moviepremierethrills,1
536,2
credits,2
"roll,",2
profound,2
washes,2
reminiscent,1
classic,2
films.,1
25-06-2019,2
filmlovernostalgiaseeker,1
#classicfilmmoments,1
537,2
streaming,1
latest,4
"series,",2
viewer,5
engrossed,1
characters',1
empathy.,1
engagement,2
webseriesviewercharacterconnection,1
#engagement,1
#webseriesjourney,1
538,2
film,1
"festival,",3
indie,1
filmmaker's,1
creation,1
receives,1
"ovation,",1
evoking,2
18-09-2017,1
indiefilmmakerfestivalsuccess,1
#indiefilmsuccess,1
539,2
heartwarming,3
"drama,",1
freely,1
characters,2
overcome,2
glow.,1
touched,1
dramaenthusiastheartwarmingmoments,1
#touched,1
#familydramamoments,1
540,2
"oscars,",1
actor,1
graciously,1
accepts,1
"award,",1
radiating,1
recognition,2
their,8
outstanding,1
performance.,1
28-02-2016,1
awardwinningactoroscarsrecipient,1
#oscarwinningmoment,1
541,2
"documentaries,",1
enlightened,1
"inspired,",1
renewed,3
curiosity.,1
20-04-2022,1
documentaryenthusiasthiddengemfinder,1
#hiddengemdiscovery,1
542,2
experiences,3
mix,1
"contemplation,",1
pondering,1
meanings,1
woven,1
storyline.,1
05-11-2019,1
filmbuffcontemplativeviewer,1
#deepmeanings,1
543,2
binge-watching,2
crime,1
suspense,3
keeps,1
edge,3
"seat,",1
adrenaline.,1
12-07-2015,1
crimeseriesenthusiastthrillseeker,1
#suspense,1
#crimeseriesthrills,1
544,2
scene,1
"unfolds,",3
cinematic,2
fulfilling,1
ending.,1
10-09-2020,1
filmcriticsatisfactionseeker,1
#fulfillingending,1
545,2
"cup,",1
nation,1
erupts,2
united,1
triumph,2
football,1
team.,3
15-07-2018,1
footballfanworldcupcelebration,1
#worldcuptriumph,1
546,2
"olympics,",1
athlete's,1
perseverance,1
shines,1
"through,",1
earning,1
gold,1
medal,1
inspiring,1
generation,1
remarkable,1
achievement.,1
08-08-2020,1
olympicsenthusiastgoldmedalwinner,1
#olympicachievement,1
547,2
cricket,1
"championship,",3
nail-biting,1
finish,1
fans,5
"seats,",1
cricketfanchampionshipthrills,1
#cricketchampionship,1
548,2
witnessing,3
record-breaking,1
"marathon,",1
spectators,2
are,8
endurance,1
runners.,1
07-11-2021,1
marathonspectatorrecordbreaking,1
#marathonrecords,1
kenya,1
549,2
tennis,2
"slam,",1
fierce,1
rivalry,1
display,1
skill,1
sportsmanship,1
stage.,1
tennisenthusiastgrandslamdrama,1
#tennisrivalry,1
550,2
cheering,1
underdog,1
basketball,2
"finals,",2
applause,1
defies,1
odds,1
claim,1
championship,1
title.,1
basketballfanunderdogtriumph,1
#triumph,1
#basketballfinals,1
551,2
golf,2
"tournament,",3
golfer's,1
precision,1
focus,1
lead,2
stunning,1
"victory,",1
exceptional,1
10-04-2016,1
golfenthusiastprecisionvictory,1
#golfvictory,1
scotland,1
552,2
high-speed,1
formula,1
"race,",2
seats,1
drivers,1
compete,1
championship.,1
24-11-2019,1
f1fanhighspeedraceexcitement,1
#formula1championship,1
553,2
cycling,3
climber,1
conquers,1
"terrains,",1
symbolizing,1
odds.,1
28-09-2015,1
cyclingenthusiastworldchampion,1
#cyclingchampion,1
554,2
comeback,1
hockey,1
share,1
secures,1
adversity.,1
12-12-2020,1
hockeyfancomebackvictory,1
#heartwarming,1
#hockeyfinalscomeback,1
555,2
series,4
"defeats,",1
soccer,2
faces,2
find,2
silver,1
lining,1
season.,1
02-11-2019,1
soccerfanteamdefeats,1
#soccerdefeats,1
556,2
highly,1
anticipated,1
player,1
"setback,",1
shock,1
questioning,1
unforeseen,2
tennisenthusiastunexpectedsetback,1
#tennissetback,1
557,2
defeat,2
boxer,1
reflects,1
vowing,1
return,1
stronger,1
more,1
determined,3
next,1
bout.,1
boxingfanchampionshipdefeat,1
#boxingdefeat,1
558,2
tire,2
blowout,1
leads,1
"cyclist,",1
who,2
valiantly,1
tries,1
unexpected,5
obstacle.,1
obstacle,1
15-05-2017,1
cyclingenthusiasttireblowout,1
#obstacle,1
#cyclingfrustration,1
559,2
gymnast's,1
routine,2
sparks,1
sympathy,2
"audience,",1
highlighting,2
vulnerability,1
sports.,1
05-04-2021,1
gymnasticsfanroutinefall,1
#sympathy,1
#gymnasticsfall,1
560,2
crucial,2
putt,1
results,2
"defeat,",1
causing,1
golfer,1
high-stakes,1
competition.,2
20-08-2016,1
golfenthusiastmissedputt,1
#pressure,1
#golfdefeat,1
561,2
losses,1
"season,",1
grapples,1
"frustration,",2
tide,1
effort.,1
effort,2
12-02-2019,1
basketballfanteamlosses,1
#renewedeffort,1
#basketballstruggles,1
562,2
meticulous,1
"training,",1
swimmer,1
split-second,1
miscalculation,2
costs,1
them,1
race.,1
swimmingenthusiastracesetback,1
#miscalculation,1
#swimmingdisappointment,1
563,2
weightlifter's,1
failed,1
attempt,1
record,4
pushing,2
physical,1
limits.,1
weightliftingfanfailedrecord,1
#challenge,1
#weightliftingfailure,1
564,2
"match,",1
own,2
goal,1
"player,",1
teammates,1
console,1
encourage,1
them.,1
soccerplayerowngoalmoment,1
#owngoal,1
565,2
"colors,",1
10-07-2021,1
natureenthusiastsunsetwonder,1
#sunsetbeauty,1
566,2
spontaneous,1
"trip,",1
traveler,2
discovers,1
"gems,",1
will,1
be,4
lifetime.,1
travelenthusiastroadtripdiscovery,1
#roadtripmemories,1
567,2
bustling,3
caf√©,1
sanctuary,1
"reflection,",1
brings,1
solace,2
mind.,2
15-03-2022,1
urbanexplorercafesolitude,1
#solace,1
#cafereflection,1
568,2
"neighborhood,",1
mural,2
tells,3
"story,",2
infusing,1
expression.,1
artenthusiaststreetartexploration,1
#streetartvibes,1
569,2
"science,",1
breakthrough,2
discovery,1
boundaries,1
opening,1
frontiers,1
exploration.,1
20-05-2020,1
scienceenthusiastdiscoverymoment,1
#breakthrough,1
#scientificdiscovery,1
570,2
"orchestra,",1
enthusiast,4
deep,1
musicloverliveorchestraexperience,1
#orchestramelody,1
571,2
"bread,",1
chef,2
finds,2
"baking,",1
delicious,2
baking,2
10-04-2023,1
17:15,1
homebakerdeliciousmemories,1
#joyinbaking,1
#homemadedelights,1
572,2
"museum,",2
history,2
envisioning,2
bygone,2
eras.,1
historybuffmuseumexploration,1
#envisioninghistory,1
#museumtales,1
573,2
"literature,",1
novel,1
transports,1
reader,2
"lands,",1
imagination,2
escape.,1
08-10-2021,1
bookwormcaptivatingnovelescape,1
#imagination,1
#literaryescape,1
574,2
capturing,6
essence,3
"market,",2
photographer,1
freezes,1
"time,",1
frame,1
unique,3
story.,2
vibrancy,1
22-03-2019,1
photographyenthusiastmarketmoments,1
#vibrancy,1
#marketstories,1
575,2
underneath,1
dancer,1
expresses,1
graceful,1
"movements,",1
mesmerizing,2
danceenthusiastcitynightperformance,1
#mesmerizing,1
#nightdanceperformance,1
576,2
food,1
connoisseur,1
indulges,1
diverse,2
aromas.,1
28-08-2019,1
foodiemarketstreetfoodexploration,1
#culinaryadventure,1
#streetfooddelights,1
thailand,1
577,2
snowflake,1
eagerly,1
prepares,1
season,1
frosty,1
"delights,",1
snow-covered,1
landscapes.,1
snowloverwinterenthusiast,1
#wintermagic,1
#snowylandscapes,1
578,2
mystery,1
unravels,1
clues,1
"secrets,",1
revelation.,1
mysterybookwormsuspensefulread,1
#thrillingjourney,1
#mysterynovel,1
579,2
flower,1
"garden,",3
nurtures,1
"blossoms,",1
ever-changing,1
canvas.,1
15-05-2020,1
gardeningenthusiastflowergarden,1
#naturesbeauty,1
#floraljoy,1
580,2
astronomy,2
"observatory,",1
"cosmos,",1
celestial,2
expanse.,1
22-09-2016,1
astronomyenthusiaststargazing,1
#celestialwonder,1
#stargazing,1
581,2
engulfed,1
brewed,1
"coffee,",1
writer,1
"sip,",1
prose.,1
coffeeloverwritersretreat,1
#creativeinspiration,1
#coffeejourney,1
582,2
"fashion,",1
designer,1
collection,1
blending,1
innovation,1
tradition,1
runway,2
creativity.,3
10-11-2015,2
fashionenthusiastdesignershowcase,1
#runwaycreativity,1
#fashioninnovation,1
583,2
crash,1
"shore,",1
surfer,1
embraces,1
ocean's,2
wave.,1
surfingenthusiastwaverider,1
#oceansfreedom,1
#surfingthrills,1
584,2
architecture,1
"era,",1
monument,1
past.,3
historyexplorerancientcitytour,1
#whispersofthepast,1
#historicaltour,1
585,2
avoided,1
eye,1
contact,1
crush,2
hallway.,1
mission,2
accomplished.,1
#teencrush,1
#stealthmode,1
20-05-2023,1
crushavoider,1
#crushstruggles,1
#avoidingeyecontact,1
586,2
ran,1
snacks,2
marathon.,2
crisis,1
level:,7
emergency!,1
#movienightstruggles,1
#teenproblems,2
21-05-2023,1
#snackcrisis,1
#teenlife,5
587,2
hour,1
choosing,1
perfect,4
filter,1
selfie.,1
struggle,1
aesthetic,1
real.,1
#selfiequeen,1
#teenvibes,1
22-05-2023,1
selfieaddict,1
#selfiestruggle,1
#teenconfessions,2
588,2
headphones,1
again.,1
how,2
do,2
they,1
vanish,1
thin,1
air?,1
#headphonemystery,1
23-05-2023,1
audioexplorer,1
#lostheadphones,1
589,2
decided,2
study,2
exams,1
ended,2
making,2
memes,1
studying,1
instead.,1
procrastination,1
expert.,1
#procrastinationnation,1
24-05-2023,1
memecreator,1
#studyingmemes,1
590,2
dressed,1
"day,",1
then,1
remembered,1
it's,4
saturday.,1
oops.,1
#weekendvibes,1
#teenstruggles,1
25-05-2023,1
fashionblunder,1
#weekendoops,1
#teenfashion,1
591,2
survived,2
group,4
any,1
drama.,1
miracles,1
happen.,1
#groupprojectsuccess,1
#teenachievements,1
26-05-2023,1
groupgenius,1
#teensuccess,1
#projectmiracle,1
592,2
entered,1
kitchen,1
intention,1
cook.,1
left,2
bag,1
chips.,1
"overrated,",1
anyway.,1
#masterchefintraining,1
#teenhumor,1
27-05-2023,1
chipexplorer,1
#teenchef,2
#cookingfail,1
593,2
staring,1
clock,1
"class,",2
bell,1
ring,1
most,3
exciting,1
event,5
#classcountdown,1
28-05-2023,1
excitementseeker,1
#classevent,1
#teenexcitement,1
594,2
discovered,1
whole,2
reading.,1
needs,1
"sleep,",1
anyway?,1
#bookwormlife,1
#latenightreading,1
29-05-2023,1
nightreader,1
#bookdiscoveries,1
#teenreading,1
595,2
bought,1
video,1
"game,",1
"hours,",1
forgot,1
eat.,1
ultimate,2
#gamerlife,1
#nofoodgaming,1
30-05-2023,1
#gameon,1
#teengamer,1
596,2
series.,1
productivity,1
zero.,1
#lazyday,1
#tvseriesmarathon,1
31-05-2023,1
lazywatcher,1
#bingewatchday,1
597,2
fashion,1
trends,1
shopping,1
spree.,1
#fashionista,1
#trendyteen,1
01-06-2023,1
trendexplorer,1
#fashiongoals,1
#teenstyle,1
598,2
learn,2
instrument.,1
one:,1
still,1
figure,1
hold,1
it.,1
#musicnovice,1
#learningjourney,1
02-06-2023,1
musicalexplorer,1
#instrumentlearning,1
#teenmusic,1
599,2
hours,3
playlist,1
mood.,1
therapy.,1
#playlistmaker,1
#teenmusiclover,1
03-06-2023,1
musicaficionado,1
#musictherapy,1
#teenplaylist,1
600,2
cooked,1
gourmet,1
meal,1
unlocked!,1
#chefmode,1
04-06-2023,1
#cookingsuccess,1
#teencook,1
601,2
spontaneously,1
booked,1
getaway.,1
awaits!,1
#travelbug,1
#weekendescape,1
05-06-2023,1
adventureseeker,1
#getawaygoals,1
#teentravel,1
602,2
attended,7
danced,2
#concertvibes,1
#danceallnight,1
06-06-2023,1
#musicmagic,1
#teenconcert,1
603,2
rediscovered,2
cartoons,1
had,2
nostalgia-filled,1
#cartoonnostalgia,1
#teenmemories,1
07-06-2023,1
nostalgiaexplorer,1
#childhoodmemories,1
#teencartoons,1
604,2
embarked,4
decor,1
let's,1
turns,1
better,1
last,1
#diyadventure,1
#teenhomedecor,1
08-06-2023,1
homedecorator,1
#diygoals,1
#teencreative,1
605,2
afternoon,2
pretending,1
cultured.,1
#museumday,1
#teenartlover,1
09-06-2023,1
#culturalday,1
#teencuriosity,1
606,2
started,6
random,1
musings.,1
blogging,1
diary.,1
#bloggerlife,1
#teenblogger,1
10-06-2023,1
thoughtfulblogger,1
#bloggingjourney,1
#teenthoughts,1
607,2
relishing,2
novel.,2
#booklover,1
#peacefulafternoon,1
11-06-2023,1
novelenthusiast,1
#quietmoments,1
#bookishescape,1
608,2
lifetime,2
wrinkle,1
aging.,1
#lifereflections,1
#beautyinaging,1
12-06-2023,1
wisesoul,1
#aginggracefully,1
609,2
too,1
late,1
discover,1
passions.,1
#digitalartistry,1
#latebloomer,1
13-06-2023,1
artadventurer,1
#artdiscovery,1
#seniorartist,2
610,2
#simplejoys,1
14-06-2023,1
homechefsenior,1
#happinessinfood,1
#seniorlife,1
611,2
language.,1
stays,1
young,1
word.,1
#nevertoolate,1
linguisticexplorer,1
#mindenrichment,1
#seniorlearning,2
612,2
classical,1
resonate.,1
transcends,1
generations.,1
#classicalmusic,1
#timelessmelodies,1
16-06-2023,1
musicconnoisseur,1
#musiclover,1
#seniorconcert,1
613,2
photography.,1
snapshot,2
treasure.,1
#naturephotography,2
#seniorphotographer,3
17-06-2023,1
photographysenior,1
#naturecapture,1
#seniormoments,1
614,2
reconnecting,1
"friendship,",1
companionship.,1
#companionship,1
18-06-2023,1
teatimesenior,1
#friendshipgoals,2
#seniorbonding,1
615,2
revisit,1
places,2
travel,2
#nostalgiatour,1
19-06-2023,1
roadtripsenior,1
#cherishedplaces,1
#seniortravel,2
616,2
joined,7
"choir,",1
harmonizing,1
fellow,2
voices.,1
bonds,1
withstand,1
#communitychoir,1
#harmonyinaging,1
20-06-2023,1
choirenthusiast,1
#musicharmony,1
#seniorvoices,1
617,2
"meditation,",1
#meditationjourney,1
#tranquilmind,1
21-06-2023,1
meditationsenior,1
#mindfulliving,1
#seniorcalm,1
618,2
stroll,1
appreciating,2
flowers.,1
cease.,1
#gardenwalk,1
#floralbeauty,1
22-06-2023,1
#naturewonders,1
#seniorgarden,1
619,2
vintage,2
"wine,",1
sip,1
story,3
gone,1
by.,1
cheers,2
well-lived.,2
#winelover,1
#vintagecheers,1
23-06-2023,1
wineconnoisseur,1
#lifewelllived,1
#seniorwine,1
620,2
participated,3
unleashing,1
years.,2
has,2
no,2
age,5
limit.,1
#artclass,1
#seniorartistry,1
24-06-2023,1
artisticsenior,1
#creativityatanyage,1
#seniorcreativity,2
621,2
writing,2
"memoir,",1
documenting,1
matters.,1
#memoirwriting,1
#seniorstories,1
25-06-2023,1
memoiristsenior,1
#lifetimeexperiences,1
#seniormemoir,1
622,2
lecture,1
"history,",1
always,2
fascinated,1
lifelong,2
#historylecture,1
26-06-2023,1
historyenthusiast,1
#lifetimeadventure,1
#seniorcuriosity,1
623,2
traditional,1
recipes.,1
"kitchen,",1
place,1
#familyrecipes,1
#seniorcooking,1
27-06-2023,1
familychefsenior,1
#kitchenmemories,1
#seniorculinary,1
624,2
photography,4
"club,",3
outdoors.,2
click,1
28-06-2023,1
naturephotographysenior,1
#outdoorbeauty,1
#seniorclicks,1
625,2
jazz,2
swayed,1
tunes.,1
"music,",3
#jazzconcert,1
#seniormusic,1
29-06-2023,1
jazzmusiclover,1
#timelesstunes,2
#seniorjazz,2
626,2
"group,",1
penning,1
reflections.,1
"writing,",1
depths,1
#writinggroup,1
#seniorwriter,1
30-06-2023,1
seniorwordsmith,1
#soulfulwriting,1
#seniorreflections,1
627,2
solo,1
pace.,1
#solotravel,1
#seniorexplorer,2
01-07-2023,1
soloadventurer,1
#discovernewplaces,1
628,2
car,1
reminiscing,2
classics,1
ruled,1
roads.,1
rev.,1
#vintagecars,1
#classicrides,1
02-07-2023,1
carenthusiastsenior,1
#roadtripdownmemorylane,1
#seniorcars,1
629,2
growing,1
plants,1
friendships,1
too.,1
green,1
thumbs,1
unite!,1
#communitygarden,1
#seniorgardener,1
03-07-2023,1
greenthumbsenior,1
#gardenfriends,1
#seniorgreenthumb,1
630,2
hosted,4
"dinner,",1
echoed,1
louder,1
clinking,1
utensils.,1
"family,",1
#familydinner,1
#seniorhost,1
04-07-2023,1
familyhostsenior,1
#heartwarmingmoments,1
#seniorfamily,1
631,2
enrolled,1
class,4
"seniors,",2
moving,1
number,2
floor.,2
#danceclass,1
#seniordancer,2
05-07-2023,1
danceenthusiastsenior,1
#dancelife,1
#seniormoves,1
632,2
visited,1
"gallery,",1
tell,1
"art,",2
eternal,1
#artgallery,1
#seniorartlover,1
06-07-2023,1
artgalleryvisitor,1
#creativeexpressions,1
#seniorart,1
633,2
club,5
novels.,1
#bookclub,2
#seniorreaders,1
07-07-2023,1
seniorbookclub,1
#bookishtalks,1
#seniorbookworms,1
634,2
picnic,1
"park,",1
sunshine.,1
"joys,",1
#parkpicnic,1
#seniorjoy,1
08-07-2023,1
seniorpicnichost,1
#friendshipsunshine,1
#seniormemories,1
635,2
theater,1
"production,",1
proving,3
belongs,1
age.,1
#theaterproduction,1
#senioractor,1
09-07-2023,1
senioractor,1
#stagepassion,1
#seniortheater,1
636,2
mountaintop.,1
#seniorhiker,1
10-07-2023,1
seniorhikerexplorer,1
#naturetrailblazer,1
637,2
exhibition,1
featuring,1
snapshots,1
tell.,1
#photographyexhibition,1
11-07-2023,1
seniorphotographerexhibitor,1
#lifeinpictures,1
#seniorexhibition,1
638,2
seniors',2
wind,1
hair,4
road.,1
#cyclingclub,1
#seniorcyclist,1
12-07-2023,1
seniorcyclingenthusiast,1
#openroadadventures,1
#seniorcycling,1
639,2
wine,1
tasting,1
"event,",2
richness,1
fine,1
wine.,1
years!,1
#winetasting,1
#seniorwinelover,1
13-07-2023,1
seniorwineconnoisseur,1
#agedtoperfection,1
#seniorcheers,1
640,2
"dancing,",1
gliding,1
gracefully,1
across,2
ageless,1
step.,1
#ballroomdancing,1
seniorballroomdancer,1
#gracefulmoves,1
#seniordance,1
641,2
organized,3
blank,1
canvases,1
#paintingevent,1
15-07-2023,1
seniorpaintingorganizer,1
#communityart,1
642,2
'memory,1
lane',1
adventures,3
shaped,1
lives.,1
#seniorreminiscing,1
16-07-2023,1
seniormemorieshost,1
#friendshipadventures,1
#seniornostalgia,1
643,2
cosmos.,1
#astronomyclub,1
#seniorstargazer,1
17-07-2023,1
seniorstargazer,1
#celestialwonders,1
#seniorastronomy,1
644,2
toes,1
tunes,1
have,3
stood,1
test,1
affair.,1
#jazzfestival,1
#seniormusiclover,1
18-07-2023,1
seniorjazzfestivalgoer,1
645,2
gained,1
"years,",1
chance,1
grow.,1
#seniorwisdom,1
#blog,1
19-07-2023,1
wisdombloggersenior,1
#seniorblog,1
646,2
"run,",1
barrier,1
meaningful,1
causes.,2
#charityrun,1
#seniorrunner,1
20-07-2023,1
seniorcharityrunner,1
#runforacause,1
#seniorsupport,1
647,2
physics,1
exam.,1
"equations,",1
won't,1
me!,1
relief,1
01-08-2023,1
physicswhizhighschool,1
#physicssurvivor,1
#highschooladventures,1
648,2
coding.,1
debugging,1
own!,1
#codingjourney,1
#highschoolcoder,1
02-08-2023,1
codeexplorerhighschool,1
#codingadventure,1
#highschoolcoderlife,1
649,2
school,10
debate,2
words,1
"weapons,",1
i'm,1
ready,1
battle!,1
03-08-2023,1
debatewarriorhighschool,1
#debatewarrior,1
#highschooldebater,1
650,2
school.,2
"moments,",1
time!,1
04-08-2023,1
photoclubhighschool,1
#photographyclub,1
#highschoolphotographer,1
651,2
daydreaming,1
prom.,1
"dress,",1
‚Äì,1
fairytale,1
making!,2
05-08-2023,1
promdreamerhighschool,1
#promdreams,1
#highschoolfairytale,1
652,2
convinced,1
teacher,2
equations,1
side,1
fresh,1
air!,1
06-08-2023,1
outdoorclasshighschool,1
#outdoorclassroom,1
#highschoolexplorer,1
653,2
accidentally,5
spilled,1
paint,1
class.,1
right?,1
#artclassadventures,1
#highschoolartist,1
embarrassed,8
07-08-2023,1
paintspillhighschool,1
#artisticmishaps,1
#highschoolart,4
654,2
master,1
kickflip,1
skateboard.,1
skating,1
pro!,1
08-08-2023,1
skateprohighschool,1
#skaterlife,1
#highschoolskater,1
655,2
bonding,1
k-pop,1
sensation.,1
fangirling,1
finest!,1
09-08-2023,1
kpopfangirlhighschool,1
#kpopfangirl,1
#highschoolmusic,1
656,2
perfecting,2
chemistry,1
experiment.,3
mixing,1
potions,1
wizard!,1
10-08-2023,1
chemistrywizardhighschool,1
#chemistrywizard,1
#highschoolscientist,1
657,2
party,3
expert,2
mode:,3
achieved!,1
11-08-2023,1
birthdaypartyplannerhighschool,1
#birthdayparty,1
#highschoolcelebration,2
658,2
drama,1
unleash,1
actor.,1
"camera,",1
action!,1
12-08-2023,1
dramaclubstarhighschool,1
#dramaclubstar,1
#highschoolactor,1
659,2
fantasy,1
realms,1
adventure!,1
13-08-2023,1
fantasybooknerdhighschool,1
#fantasybooknerd,1
#highschoolreader,1
660,2
mastering,1
doodle,1
boring,1
classes.,2
doodles:,1
a+!,2
14-08-2023,1
doodlemasterhighschool,1
#doodlemaster,1
661,2
attempting,4
break,1
longest,1
handstand.,1
wish,1
luck!,1
15-08-2023,1
handstandchallengehighschool,1
#handstandchallenge,1
#highschoolathlete,3
662,2
sneaking,1
pro.,1
snack-smuggling,1
sacred,1
skill!,2
mischievous,2
16-08-2023,1
snacksmugglerhighschool,1
#snacksmuggler,1
#highschoolsnacks,2
663,2
hosting,1
sleepover,1
memories!,1
17-08-2023,1
sleepoverhosthighschool,1
#sleepoverfun,1
#highschoolmemories,3
664,2
tiktok,1
"dance,",2
realize,1
two,1
feet.,1
fail:,4
unleashed!,2
18-08-2023,1
tiktokfailhighschool,1
#dancefail,1
#highschooltiktok,1
665,2
liked,1
crush's,1
stalking,1
profile.,1
awkward,2
maximum!,1
19-08-2023,1
socialmediablunderhighschool,1
#socialmediablunder,1
#highschoolawkward,3
666,2
tried,2
impress,3
smooth,2
conversation.,1
spilling,1
drink.,1
nonexistent!,1
20-08-2023,1
crushfailhighschool,1
#crushfail,1
#highschoolembarrassment,2
667,2
mastered,1
paper,2
airplanes,1
lecture.,2
planes:,1
heights!,1
21-08-2023,1
paperplaneexperthighschool,1
#paperplaneexpert,1
668,2
set,2
trend,1
textbooks,1
academic,2
juggling:,1
22-08-2023,1
jugglingprohighschool,1
#textbookjuggling,1
#highschoolskills,2
669,2
hiding,1
snack,2
stash,1
backpack,1
emergency,1
cravings.,1
ninja,1
activated!,2
23-08-2023,1
snackninjahighschool,1
#snackninja,1
670,2
scavenger,1
hunt,1
excitement!,1
24-08-2023,1
scavengerhuntmasterhighschool,1
#surpriseadventure,1
#highschoolfun,1
671,2
celebrate,1
exams.,2
dance:,1
unexpectedly,1
refreshing!,1
25-08-2023,1
raindancecelebrationhighschool,1
#raindance,1
#highschooljoy,1
672,2
sent,2
text,1
meant,1
chat.,1
texting,1
oops,1
moment!,1
26-08-2023,1
groupchatblunderhighschool,1
#textingfail,1
673,2
trick,1
classmates.,3
did,1
go?,1
27-08-2023,1
magicfailhighschool,1
#magicfail,1
#highschoolmagic,1
674,2
origami,2
dull,1
mastery:,1
28-08-2023,1
origamiprohighschool,1
#origamimaster,1
675,2
consecutive,2
hacky,2
sack,2
kicks.,1
skills:,1
29-08-2023,1
hackysackchampionhighschool,1
#hackysackchallenge,1
676,2
secret,1
handshake,1
expert!,1
30-08-2023,1
secrethandshakehighschool,1
677,2
burger,2
joint,1
town.,1
connoisseur:,1
reporting,1
duty!,1
31-08-2023,1
burgerquesthighschool,1
#burgerquest,1
#highschoolfoodie,1
678,2
talent,3
gig:,1
01-09-2023,1
comedygeniushighschool,1
#highschooltalent,1
679,2
letter,2
person.,1
maximum,1
embarrassment!,1
02-09-2023,1
loveletterblunderhighschool,1
#loveletterfail,1
680,2
elaborate,1
science,5
geek,1
scienceexperimentprohighschool,1
#sciencegeek,1
#highschoolexperiments,1
681,2
bracelets,1
squad.,1
weaver!,1
04-09-2023,1
braceletcraftsmanhighschool,1
#friendshipbracelets,1
#highschoolcrafts,1
682,2
beat,1
cartwheels.,1
cartwheel,1
challenge:,1
underway!,1
05-09-2023,1
cartwheelmasterhighschool,1
#cartwheelchallenge,1
683,2
organizing,3
marathon,1
popcorn,1
await!,1
06-09-2023,1
moviemarathonhosthighschool,1
684,2
experimenting,2
color.,1
bold,2
semester!,1
07-09-2023,1
haircolorexperimenthighschool,1
#hairexperiment,1
#highschoolstyle,1
685,2
capsule,1
capture,1
future.,1
time-traveling,1
emotions!,1
08-09-2023,1
timecapsulecreatorhighschool,1
#timecapsule,1
#highschoolnostalgia,1
686,2
walked,1
classroom,2
mix-up:,1
start!,1
09-09-2023,1
classroomblunderhighschool,1
#firstdayoops,1
687,2
smoothie,2
healthy,1
start,1
week.,1
enthusiast:,1
level,1
up!,1
10-09-2023,1
smoothieconnoisseurhighschool,1
#healthyliving,1
#highschoolwellness,1
688,2
year.,1
assignments.,1
sad,9
11-09-2023,1
overwhelmedhighschoolstudent,1
#schoolchallenges,1
#highschoolstruggles,3
689,2
encountered,1
mean-spirited,1
comments,3
online.,1
dealing,3
online,4
hate,8
easy.,1
12-09-2023,1
dealingwithhatehighschool,1
#onlinehate,1
#highschoolreality,2
690,2
bad,12
everything,1
going,1
wrong.,1
13-09-2023,1
toughdayhighschool,1
#badday,1
#highschoolblues,1
691,2
lingers.,1
14-09-2023,1
sportsteamrejectionhighschool,1
#highschoolsports,2
692,2
argument,1
cafeteria.,1
unpleasant,1
atmosphere,1
lunch.,1
15-09-2023,1
cafeteriaconflicthighschool,1
#cafeteriadrama,1
#highschooltension,1
693,2
not-so-great,1
grade,1
major,2
setting,1
in.,1
16-09-2023,1
projectgradedisappointmenthighschool,1
#academicfrustration,1
#highschoolstress,1
694,2
sometimes,2
17-09-2023,1
personalsetbackhighschool,1
#lifechallenges,1
695,2
lonely,1
saturday,1
expected.,1
18-09-2023,1
lonelysaturdayhighschool,1
#lonelynights,1
#highschoolemotions,2
696,2
cyberbullying.,1
hateful,2
messages,1
disheartening.,1
19-09-2023,1
cyberbullyingvictimhighschool,1
#stopcyberbullying,1
697,2
torrential,1
rainstorm,1
umbrella.,1
today's,1
luck.,1
20-09-2023,1
rainydayblueshighschool,1
#badluck,1
#highschoolweather,1
698,2
important,2
due,2
circumstances.,2
sadness.,2
21-09-2023,1
missedopportunityhighschool,1
#highschoolregret,2
699,2
unfounded,1
rumors,2
circulating,1
can,3
hurtful.,1
22-09-2023,1
rumorvictimhighschool,1
#rumormills,1
#highschooldrama,1
700,2
flat,1
meeting.,1
talk,1
events!,1
23-09-2023,1
flattirewoeshighschool,1
#badluckday,1
701,2
emptiness,1
close,1
moves,1
farewells,1
sad.,1
24-09-2023,1
friendmovingawayhighschool,1
#sayinggoodbye,1
702,2
rejection,1
dream,2
college.,1
disheartened,1
other,1
paths.,1
25-09-2023,1
collegerejectionhighschool,1
#collegedreams,1
#highschooljourney,1
703,2
encountering,1
toxicity,1
ruin,1
fun.,1
26-09-2023,1
gamingtoxicityhighschool,1
#onlinegaming,1
#highschoolgamer,1
704,2
having,2
self-conscious.,1
affect,1
confidence.,1
27-09-2023,1
badhairdayblueshighschool,1
#badhairday,1
#highschoolconfidence,1
705,2
failure.,1
hard,1
didn't,1
pay,1
28-09-2023,1
projectfailuredespairhighschool,1
#projectstruggles,1
#highschoolhardships,1
706,2
expressing,1
opinions.,1
negativity,1
prevails.,1
29-09-2023,1
opinionshatehighschool,1
#onlineopinions,1
#highschoolcriticism,1
707,2
string,1
luck,1
malfunctions.,1
tech,1
troubles,1
galore!,1
30-09-2023,1
techmalfunctionwoeshighschool,1
#techissues,1
#highschooltech,2
708,2
long-anticipated,1
01-10-2023,1
missedeventblueshighschool,1
#missedmoments,1
709,2
technique,1
different,1
strategies.,1
02-10-2023,1
studytechniqueexperimenthighschool,1
#studystrategies,1
#highschoolexams,1
710,2
cleanup,1
cleaner,1
neighborhood.,1
promoting,1
environmental,1
awareness.,1
03-10-2023,1
communitycleanuphighschool,1
#environmentalefforts,1
#highschoolcommunity,1
711,2
recommendations,1
mini,1
club.,1
04-10-2023,1
bookrecommendationshighschool,1
#highschoolreads,1
712,2
bake,1
sale.,1
kitchen.,1
bakesalerecipeexperimenthighschool,1
#bakingadventures,1
#highschoolbakes,1
713,2
collaborating,3
peers.,2
teamwork,2
makes,1
work.,1
06-10-2023,1
schoolprojectcollaborationhighschool,1
#teamwork,1
#highschoolprojects,2
714,2
meeting,1
interests.,1
dabbling,1
extracurricular,1
activities.,2
07-10-2023,1
extracurricularexplorationhighschool,1
#schoolclubs,1
#highschoolinterests,1
715,2
part-time,1
job,1
opportunity,1
gaining,1
experience.,1
development,1
progress.,2
08-10-2023,1
parttimejobexplorationhighschool,1
#careerdevelopment,1
#highschooljobs,1
716,2
assembly,1
informed,1
events,1
announcements.,1
staying,1
connected,1
09-10-2023,1
schoolassemblyparticipationhighschool,1
#schoolevents,1
#highschoolconnectivity,1
717,2
hobby,1
lens.,1
10-10-2023,1
photographyhobbyhighschool,1
#photographyjourney,1
#highschoolhobbies,1
718,2
participating,4
fair,1
showcase,1
11-10-2023,1
sciencefairparticipationhighschool,1
#sciencefair,1
#highschoolscience,2
719,2
workshop,1
management,1
enhance,2
organizational,1
skills.,2
striving,1
efficiency.,1
timemanagementworkshophighschool,1
#efficiencygoals,1
720,2
give,1
contributing,1
social,1
13-10-2023,1
charityeventvolunteerhighschool,1
#communityservice,1
#highschoolvolunteer,1
721,2
promote,1
responsibilities.,1
action.,1
14-10-2023,1
groupprojectcollaborationhighschool,1
#teamspirit,1
722,2
critical,1
thinking,1
communication,1
intellectual,1
15-10-2023,1
debateclubparticipationhighschool,1
#debateskills,1
#highschoolintellect,1
723,2
around!,1
happy,14
16-10-2023,1
birthdaysurprisehighschool,1
724,2
hurdles!,1
17-10-2023,1
codingsuccesshighschool,1
#codingtriumph,1
725,2
show,2
applauding,1
talents,1
display!,1
18-10-2023,1
talentshowsupporthighschool,1
#talentshow,1
#highschoolentertainment,1
726,2
trail,1
vibes!,2
19-10-2023,1
weekendhikehighschool,1
#natureadventures,1
#highschoolfriends,1
727,2
winning,1
friendly,1
competition,1
rival,1
schools.,1
celebrations,1
swing!,1
20-10-2023,1
sportsvictoryhighschool,1
#sportstriumph,1
#highschoolathletics,1
728,2
receiving,1
pen,1
pal,1
country.,1
globe!,1
21-10-2023,1
penpalconnectionhighschool,1
#globalfriendship,1
#highschoolcorrespondence,1
729,2
enthusiasts.,1
collaboration,1
creativity!,1
22-10-2023,1
muralcreationhighschool,1
#artcollaboration,1
#highschoolcreativity,2
730,2
school-wide,1
spreading,1
artexhibitionjoyhighschool,1
#artisticexpression,1
731,2
track,1
self-improvement!,1
14-09-2016,1
trackfieldsuccesshighschool,1
#athleticachievement,1
732,2
regional,1
fair.,1
triumphs,1
smiles!,1
scienceprojectsuccesshighschool,1
#sciencefairwinner,1
733,1
company!,1
22-06-2018,1
birthdaypartyjoyhighschool,1
#highschoolfriendship,1
734,1
fundraising,1
initiative.,1
giving,1
community!,1
charityfundraisingtriumphhighschool,1
#communitygiving,1
#highschoolphilanthropy,1
735,1
multicultural,1
food!,1
29-02-2020,1
multiculturalfestivaljoyhighschool,1
#highschoolunity,1
736,1
"times,",1
bringing,1
classmates',1
faces!,1
15-11-2020,1
virtualtalentshowsuccesshighschool,1
#virtualentertainment,1
#highschoolpositivity,1
